I,II,III,aVR,aVL,aVF,V1,V2,V3,V4,V5,V6
-0.009,0.016,0.025,,,,,,,,,
-0.008,0.033,0.041,,,,,,,,,
-0.013,0.027,0.041,,,,,,,,,
0.002,0.031,0.028,,,,,,,,,
-0.014,0.03,0.044,,,,,,,,,
-0.042,0.042,0.084,,,,,,,,,
-0.019,0.057,0.077,,,,,,,,,
-0.025,0.06,0.085,,,,,,,,,
-0.021,0.063,0.084,,,,,,,,,
0.014,0.064,0.05,,,,,,,,,
-0.023,0.081,0.104,,,,,,,,,
0.081,0.1,0.018,,,,,,,,,
0.126,0.102,-0.023,,,,,,,,,
0.063,0.11,0.047,,,,,,,,,
-0.001,0.12,0.121,,,,,,,,,
-0.036,0.135,0.171,,,,,,,,,
0.092,0.142,0.049,,,,,,,,,
0.1,0.148,0.047,,,,,,,,,
0.085,0.158,0.073,,,,,,,,,
0.105,0.172,0.067,,,,,,,,,
0.103,0.178,0.074,,,,,,,,,
0.108,0.196,0.088,,,,,,,,,
0.12,0.201,0.081,,,,,,,,,
0.118,0.199,0.08,,,,,,,,,
0.121,0.195,0.074,,,,,,,,,
0.122,0.194,0.072,,,,,,,,,
0.12,0.189,0.068,,,,,,,,,
0.124,0.191,0.067,,,,,,,,,
0.118,0.179,0.06,,,,,,,,,
0.1,0.16,0.059,,,,,,,,,
0.093,0.145,0.052,,,,,,,,,
0.077,0.128,0.051,,,,,,,,,
0.065,0.113,0.047,,,,,,,,,
0.05,0.096,0.046,,,,,,,,,
0.038,0.081,0.042,,,,,,,,,
0.027,0.068,0.04,,,,,,,,,
0.02,0.056,0.036,,,,,,,,,
0.009,0.044,0.035,,,,,,,,,
0.001,0.032,0.031,,,,,,,,,
-0.008,0.022,0.03,,,,,,,,,
-0.006,0.019,0.025,,,,,,,,,
-0.004,0.02,0.025,,,,,,,,,
-0.001,0.018,0.02,,,,,,,,,
-0.005,0.014,0.019,,,,,,,,,
0.0,0.015,0.014,,,,,,,,,
0.0,0.015,0.015,,,,,,,,,
-0.002,0.012,0.014,,,,,,,,,
-0.006,0.009,0.015,,,,,,,,,
-0.003,0.01,0.013,,,,,,,,,
-0.008,0.007,0.016,,,,,,,,,
-0.009,0.004,0.013,,,,,,,,,
-0.01,0.005,0.016,,,,,,,,,
-0.011,0.004,0.016,,,,,,,,,
-0.033,0.008,0.042,,,,,,,,,
-0.016,0.01,0.026,,,,,,,,,
-0.114,0.009,0.123,,,,,,,,,
-0.081,0.01,0.091,,,,,,,,,
-0.034,0.009,0.044,,,,,,,,,
0.001,0.01,0.008,,,,,,,,,
0.026,0.009,-0.016,,,,,,,,,
-0.112,0.01,0.122,,,,,,,,,
-0.09,0.009,0.1,,,,,,,,,
0.01,0.01,0.0,,,,,,,,,
0.027,0.009,-0.017,,,,,,,,,
-0.02,0.01,0.03,,,,,,,,,
-0.039,0.01,0.048,,,,,,,,,
-0.027,0.01,0.036,,,,,,,,,
-0.031,0.005,0.037,,,,,,,,,
-0.024,0.004,0.029,,,,,,,,,
-0.02,0.005,0.025,,,,,,,,,
-0.016,0.004,0.021,,,,,,,,,
-0.009,0.005,0.014,,,,,,,,,
0.007,0.004,-0.002,,,,,,,,,
0.018,0.005,-0.013,,,,,,,,,
0.006,0.004,-0.001,,,,,,,,,
-0.006,0.005,0.01,,,,,,,,,
-0.021,0.004,0.026,,,,,,,,,
-0.029,0.005,0.033,,,,,,,,,
-0.023,0.005,0.028,,,,,,,,,
-0.021,0.004,0.025,,,,,,,,,
-0.018,0.005,0.023,,,,,,,,,
-0.01,0.01,0.02,,,,,,,,,
-0.004,0.013,0.018,,,,,,,,,
0.003,0.018,0.014,,,,,,,,,
0.006,0.02,0.013,,,,,,,,,
0.015,0.023,0.007,,,,,,,,,
0.022,0.027,0.005,,,,,,,,,
0.029,0.031,0.002,,,,,,,,,
0.035,0.035,0.0,,,,,,,,,
0.035,0.032,-0.002,,,,,,,,,
0.034,0.029,-0.005,,,,,,,,,
0.037,0.03,-0.007,,,,,,,,,
0.046,0.03,-0.016,,,,,,,,,
0.053,0.029,-0.023,,,,,,,,,
0.056,0.024,-0.031,,,,,,,,,
0.064,0.025,-0.039,,,,,,,,,
0.064,0.024,-0.039,,,,,,,,,
0.07,0.025,-0.044,,,,,,,,,
0.066,0.02,-0.045,,,,,,,,,
0.064,0.014,-0.05,,,,,,,,,
0.061,0.011,-0.05,,,,,,,,,
0.052,0.006,-0.045,,,,,,,,,
0.036,0.004,-0.032,,,,,,,,,
0.02,-0.004,-0.024,,,,,,,,,
0.004,-0.006,-0.01,,,,,,,,,
-0.013,-0.011,0.001,,,,,,,,,
-0.038,-0.013,0.024,,,,,,,,,
-0.066,-0.033,0.033,,,,,,,,,
-0.1,-0.043,0.057,,,,,,,,,
-0.074,-0.038,0.036,,,,,,,,,
-0.137,-0.041,0.096,,,,,,,,,
-0.133,-0.039,0.094,,,,,,,,,
-0.141,-0.04,0.1,,,,,,,,,
-0.016,-0.039,-0.023,,,,,,,,,
0.065,-0.04,-0.105,,,,,,,,,
0.03,-0.035,-0.065,,,,,,,,,
0.033,-0.035,-0.068,,,,,,,,,
0.014,-0.034,-0.048,,,,,,,,,
0.017,-0.035,-0.053,,,,,,,,,
0.007,-0.034,-0.042,,,,,,,,,
0.008,-0.035,-0.043,,,,,,,,,
-0.003,-0.034,-0.03,,,,,,,,,
0.003,-0.031,-0.035,,,,,,,,,
-0.007,-0.026,-0.018,,,,,,,,,
-0.011,-0.023,-0.011,,,,,,,,,
-0.026,-0.018,0.008,,,,,,,,,
-0.028,-0.014,0.012,,,,,,,,,
-0.059,-0.01,0.049,,,,,,,,,
-0.067,-0.003,0.063,,,,,,,,,
-0.015,0.015,0.03,,,,,,,,,
0.028,0.029,0.0,,,,,,,,,
0.134,0.044,-0.089,,,,,,,,,
0.255,0.048,-0.207,,,,,,,,,
0.433,0.07,-0.361,,,,,,,,,
0.545,0.08,-0.465,,,,,,,,,
0.567,0.081,-0.485,,,,,,,,,
0.487,0.083,-0.404,,,,,,,,,
0.336,0.092,-0.244,,,,,,,,,
0.208,0.096,-0.112,,,,,,,,,
0.051,0.073,0.022,,,,,,,,,
-0.073,0.061,0.135,,,,,,,,,
-0.126,0.042,0.168,,,,,,,,,
-0.096,0.035,0.132,,,,,,,,,
-0.084,0.031,0.115,,,,,,,,,
-0.039,0.028,0.067,,,,,,,,,
-0.026,0.023,0.05,,,,,,,,,
-0.029,0.02,0.049,,,,,,,,,
-0.035,0.015,0.05,,,,,,,,,
-0.037,0.012,0.049,,,,,,,,,
-0.041,0.006,0.049,,,,,,,,,
-0.037,0.005,0.043,,,,,,,,,
-0.036,0.01,0.046,,,,,,,,,
-0.034,0.009,0.044,,,,,,,,,
-0.035,0.01,0.045,,,,,,,,,
-0.028,0.009,0.038,,,,,,,,,
-0.03,0.009,0.04,,,,,,,,,
-0.029,0.01,0.039,,,,,,,,,
-0.03,0.009,0.04,,,,,,,,,
-0.029,0.01,0.039,,,,,,,,,
-0.035,0.009,0.045,,,,,,,,,
-0.033,0.01,0.044,,,,,,,,,
-0.042,0.009,0.052,,,,,,,,,
-0.068,0.01,0.078,,,,,,,,,
-0.096,0.009,0.105,,,,,,,,,
-0.092,0.011,0.104,,,,,,,,,
-0.089,0.015,0.105,,,,,,,,,
-0.091,0.014,0.105,,,,,,,,,
-0.018,0.015,0.033,,,,,,,,,
0.087,0.017,-0.069,,,,,,,,,
0.087,0.02,-0.067,,,,,,,,,
0.073,0.019,-0.053,,,,,,,,,
0.06,0.02,-0.039,,,,,,,,,
0.049,0.023,-0.025,,,,,,,,,
0.022,0.025,0.002,,,,,,,,,
-0.042,0.024,0.066,,,,,,,,,
-0.06,0.025,0.086,,,,,,,,,
-0.035,0.024,0.059,,,,,,,,,
-0.006,0.045,0.051,,,,,,,,,
0.022,0.05,0.028,,,,,,,,,
0.009,0.049,0.04,,,,,,,,,
0.007,0.053,0.046,,,,,,,,,
0.011,0.055,0.044,,,,,,,,,
0.008,0.054,0.045,,,,,,,,,
0.017,0.058,0.041,,,,,,,,,
0.02,0.06,0.039,,,,,,,,,
0.021,0.059,0.038,,,,,,,,,
0.007,0.062,0.055,,,,,,,,,
0.01,0.09,0.079,,,,,,,,,
0.023,0.095,0.071,,,,,,,,,
0.022,0.1,0.077,,,,,,,,,
0.03,0.102,0.072,,,,,,,,,
0.033,0.114,0.08,,,,,,,,,
0.047,0.125,0.078,,,,,,,,,
0.045,0.127,0.081,,,,,,,,,
0.054,0.132,0.077,,,,,,,,,
0.058,0.141,0.082,,,,,,,,,
0.075,0.158,0.083,,,,,,,,,
0.074,0.161,0.086,,,,,,,,,
0.082,0.166,0.083,,,,,,,,,
0.082,0.169,0.087,,,,,,,,,
0.082,0.165,0.082,,,,,,,,,
0.069,0.156,0.087,,,,,,,,,
0.054,0.153,0.099,,,,,,,,,
0.043,0.146,0.102,,,,,,,,,
0.047,0.142,0.095,,,,,,,,,
0.039,0.136,0.096,,,,,,,,,
0.037,0.127,0.09,,,,,,,,,
0.013,0.105,0.091,,,,,,,,,
0.0,0.086,0.088,,,,,,,,,
-0.012,0.065,0.078,,,,,,,,,
-0.006,0.05,0.057,,,,,,,,,
-0.007,0.039,0.046,,,,,,,,,
-0.004,0.027,0.031,,,,,,,,,
-0.022,0.015,0.038,,,,,,,,,
-0.023,0.007,0.031,,,,,,,,,
-0.035,0.003,0.039,,,,,,,,,
-0.03,0.0,0.029,,,,,,,,,
-0.045,-0.004,0.041,,,,,,,,,
-0.036,-0.009,0.028,,,,,,,,,
-0.107,-0.015,0.092,,,,,,,,,
-0.06,-0.018,0.043,,,,,,,,,
-0.069,-0.023,0.046,,,,,,,,,
-0.027,-0.026,0.001,,,,,,,,,
0.05,-0.034,-0.084,,,,,,,,,
0.01,-0.039,-0.05,,,,,,,,,
-0.009,-0.04,-0.03,,,,,,,,,
-0.017,-0.039,-0.022,,,,,,,,,
-0.015,-0.04,-0.024,,,,,,,,,
-0.044,-0.039,0.004,,,,,,,,,
-0.058,-0.04,0.018,,,,,,,,,
-0.081,-0.039,0.041,,,,,,,,,
-0.072,-0.04,0.032,,,,,,,,,
-0.073,-0.039,0.033,,,,,,,,,
-0.064,-0.04,0.024,,,,,,,,,
-0.066,-0.039,0.026,,,,,,,,,
-0.059,-0.04,0.019,,,,,,,,,
-0.058,-0.039,0.018,,,,,,,,,
-0.051,-0.039,0.011,,,,,,,,,
-0.051,-0.04,0.011,,,,,,,,,
-0.052,-0.045,0.007,,,,,,,,,
-0.049,-0.044,0.004,,,,,,,,,
-0.044,-0.045,0.0,,,,,,,,,
-0.044,-0.044,0.0,,,,,,,,,
-0.038,-0.045,-0.006,,,,,,,,,
-0.035,-0.044,-0.008,,,,,,,,,
-0.035,-0.045,-0.009,,,,,,,,,
-0.04,-0.044,-0.004,,,,,,,,,
-0.039,-0.045,-0.005,,,,,,,,,
-0.04,-0.044,-0.004,,,,,,,,,
-0.039,-0.045,-0.005,,,,,,,,,
-0.044,-0.044,0.0,,,,,,,,,
-0.045,-0.045,0.0,,,,,,,,,
-0.044,-0.043,0.0,,,,,,,,,
-0.037,-0.039,-0.001,,,,,,,,,
-0.038,-0.035,0.002,,,,,,,,,
-0.036,-0.031,0.004,,,,,,,,,
-0.032,-0.027,0.005,,,,,,,,,
-0.027,-0.023,0.004,,,,,,,,,
-0.024,-0.018,0.005,,,,,,,,,
-0.019,-0.015,0.004,,,,,,,,,
-0.016,-0.01,0.005,,,,,,,,,
-0.015,-0.012,0.003,,,,,,,,,
-0.022,-0.015,0.006,,,,,,,,,
-0.011,-0.014,-0.003,,,,,,,,,
-0.003,-0.015,-0.011,,,,,,,,,
0.006,-0.014,-0.021,,,,,,,,,
0.01,-0.015,-0.025,,,,,,,,,
0.02,-0.014,-0.034,,,,,,,,,
0.022,-0.018,-0.04,,,,,,,,,
-0.001,-0.02,-0.017,,,,,,,,,
-0.021,-0.019,0.001,,,,,,,,,
-0.039,-0.02,0.019,,,,,,,,,
-0.034,-0.02,0.014,,,,,,,,,
0.022,-0.019,-0.041,,,,,,,,,
0.061,-0.02,-0.081,,,,,,,,,
-0.008,-0.023,-0.014,,,,,,,,,
0.082,-0.027,-0.109,,,,,,,,,
0.067,-0.031,-0.099,,,,,,,,,
0.027,-0.036,-0.063,,,,,,,,,
0.018,-0.039,-0.058,,,,,,,,,
-0.001,-0.041,-0.04,,,,,,,,,
-0.025,-0.044,-0.019,,,,,,,,,
-0.065,-0.046,0.019,,,,,,,,,
-0.037,-0.05,-0.012,,,,,,,,,
0.027,-0.049,-0.076,,,,,,,,,
-0.003,-0.054,-0.05,,,,,,,,,
-0.015,-0.057,-0.042,,,,,,,,,
-0.042,-0.062,-0.019,,,,,,,,,
-0.048,-0.065,-0.016,,,,,,,,,
-0.052,-0.064,-0.012,,,,,,,,,
-0.047,-0.065,-0.017,,,,,,,,,
-0.053,-0.064,-0.011,,,,,,,,,
-0.029,-0.065,-0.035,,,,,,,,,
-0.026,-0.064,-0.038,,,,,,,,,
-0.037,-0.064,-0.027,,,,,,,,,
-0.049,-0.065,-0.015,,,,,,,,,
-0.057,-0.064,-0.007,,,,,,,,,
-0.06,-0.065,-0.004,,,,,,,,,
-0.059,-0.064,-0.005,,,,,,,,,
-0.06,-0.065,-0.004,,,,,,,,,
-0.059,-0.064,-0.005,,,,,,,,,
-0.061,-0.065,-0.004,,,,,,,,,
-0.054,-0.061,-0.006,,,,,,,,,
-0.046,-0.04,0.005,,,,,,,,,
-0.048,-0.021,0.026,,,,,,,,,
-0.047,-0.004,0.043,,,,,,,,,
-0.019,0.01,0.029,,,,,,,,,
0.051,0.027,-0.024,,,,,,,,,
0.165,0.039,-0.125,,,,,,,,,
0.316,0.062,-0.252,,,,,,,,,
0.451,0.09,-0.361,,,,,,,,,
0.523,0.094,-0.428,,,,,,,,,
0.46,0.095,-0.364,,,,,,,,,
0.353,0.102,-0.252,,,,,,,,,
0.236,0.092,-0.143,,,,,,,,,
0.083,0.059,-0.023,,,,,,,,,
-0.06,0.027,0.088,,,,,,,,,
-0.156,-0.003,0.153,,,,,,,,,
-0.17,-0.024,0.145,,,,,,,,,
-0.175,-0.032,0.142,,,,,,,,,
-0.168,-0.029,0.139,,,,,,,,,
-0.129,-0.03,0.098,,,,,,,,,
-0.068,-0.029,0.038,,,,,,,,,
-0.069,-0.029,0.038,,,,,,,,,
-0.029,-0.024,0.004,,,,,,,,,
-0.026,-0.025,0.001,,,,,,,,,
0.029,-0.024,-0.053,,,,,,,,,
0.0,-0.025,-0.025,,,,,,,,,
0.001,-0.021,-0.022,,,,,,,,,
-0.091,-0.019,0.072,,,,,,,,,
-0.11,-0.02,0.09,,,,,,,,,
0.008,-0.019,-0.028,,,,,,,,,
0.013,-0.02,-0.034,,,,,,,,,
0.016,-0.016,-0.032,,,,,,,,,
0.014,-0.014,-0.028,,,,,,,,,
0.011,-0.015,-0.027,,,,,,,,,
0.011,-0.011,-0.024,,,,,,,,,
0.011,-0.009,-0.021,,,,,,,,,
0.008,-0.01,-0.018,,,,,,,,,
0.005,-0.009,-0.015,,,,,,,,,
0.005,-0.006,-0.011,,,,,,,,,
-0.046,-0.004,0.041,,,,,,,,,
-0.047,-0.005,0.042,,,,,,,,,
-0.021,-0.001,0.02,,,,,,,,,
-0.005,0.0,0.006,,,,,,,,,
0.008,0.0,-0.009,,,,,,,,,
0.003,0.0,-0.003,,,,,,,,,
0.005,0.004,-0.001,,,,,,,,,
0.001,0.005,0.004,,,,,,,,,
0.005,0.009,0.004,,,,,,,,,
0.001,0.009,0.008,,,,,,,,,
0.0,0.012,0.013,,,,,,,,,
-0.001,0.015,0.016,,,,,,,,,
-0.006,0.015,0.021,,,,,,,,,
0.004,0.02,0.016,,,,,,,,,
-0.015,0.02,0.035,,,,,,,,,
-0.02,0.025,0.047,,,,,,,,,
-0.019,0.024,0.043,,,,,,,,,
-0.016,0.028,0.045,,,,,,,,,
-0.014,0.029,0.044,,,,,,,,,
-0.013,0.031,0.045,,,,,,,,,
-0.004,0.042,0.047,,,,,,,,,
0.008,0.059,0.051,,,,,,,,,
0.01,0.059,0.049,,,,,,,,,
0.02,0.071,0.05,,,,,,,,,
0.036,0.085,0.049,,,,,,,,,
0.044,0.095,0.05,,,,,,,,,
0.053,0.107,0.053,,,,,,,,,
0.056,0.113,0.056,,,,,,,,,
0.063,0.122,0.058,,,,,,,,,
0.071,0.134,0.063,,,,,,,,,
0.072,0.148,0.076,,,,,,,,,
0.082,0.154,0.071,,,,,,,,,
0.058,0.154,0.096,,,,,,,,,
0.051,0.156,0.105,,,,,,,,,
0.09,0.16,0.069,,,,,,,,,
0.059,0.161,0.102,,,,,,,,,
0.043,0.166,0.123,,,,,,,,,
-0.021,0.159,0.18,,,,,,,,,
0.048,0.155,0.107,,,,,,,,,
0.081,0.149,0.067,,,,,,,,,
0.058,0.144,0.086,,,,,,,,,
0.072,0.129,0.056,,,,,,,,,
0.062,0.111,0.048,,,,,,,,,
-0.044,0.091,0.135,,,,,,,,,
-0.066,0.074,0.141,,,,,,,,,
-0.04,0.059,0.099,,,,,,,,,
-0.025,0.042,0.068,,,,,,,,,
0.035,0.027,-0.007,,,,,,,,,
0.037,0.017,-0.02,,,,,,,,,
0.013,0.009,-0.003,,,,,,,,,
0.034,0.001,-0.032,,,,,,,,,
0.042,-0.001,-0.044,,,,,,,,,
0.018,-0.008,-0.027,,,,,,,,,
0.008,-0.017,-0.026,,,,,,,,,
-0.011,-0.021,-0.01,,,,,,,,,
-0.036,-0.033,0.003,,,,,,,,,
-0.06,-0.035,0.025,,,,,,,,,
-0.06,-0.035,0.025,,,,,,,,,
-0.058,-0.034,0.023,,,,,,,,,
-0.053,-0.035,0.018,,,,,,,,,
-0.053,-0.034,0.018,,,,,,,,,
-0.047,-0.035,0.012,,,,,,,,,
-0.048,-0.034,0.014,,,,,,,,,
-0.042,-0.035,0.007,,,,,,,,,
-0.043,-0.034,0.009,,,,,,,,,
-0.034,-0.035,0.0,,,,,,,,,
-0.037,-0.034,0.002,,,,,,,,,
-0.029,-0.035,-0.005,,,,,,,,,
-0.031,-0.034,-0.002,,,,,,,,,
-0.025,-0.036,-0.01,,,,,,,,,
-0.032,-0.039,-0.007,,,,,,,,,
-0.032,-0.04,-0.007,,,,,,,,,
-0.037,-0.039,-0.002,,,,,,,,,
-0.032,-0.04,-0.007,,,,,,,,,
-0.037,-0.039,-0.002,,,,,,,,,
-0.032,-0.04,-0.007,,,,,,,,,
-0.038,-0.039,-0.001,,,,,,,,,
-0.038,-0.04,-0.001,,,,,,,,,
-0.042,-0.039,0.002,,,,,,,,,
-0.037,-0.04,-0.002,,,,,,,,,
-0.041,-0.04,0.001,,,,,,,,,
-0.038,-0.039,-0.001,,,,,,,,,
-0.031,-0.04,-0.008,,,,,,,,,
-0.005,-0.038,-0.032,,,,,,,,,
-0.014,-0.034,-0.019,,,,,,,,,
-0.002,-0.032,-0.03,,,,,,,,,
-0.01,-0.029,-0.018,,,,,,,,,
-0.006,-0.03,-0.024,,,,,,,,,
-0.009,-0.023,-0.015,,,,,,,,,
-0.001,-0.026,-0.024,,,,,,,,,
-0.032,-0.021,0.011,,,,,,,,,
-0.038,-0.02,0.018,,,,,,,,,
-0.093,-0.016,0.077,,,,,,,,,
0.012,-0.015,-0.027,,,,,,,,,
0.028,-0.013,-0.041,,,,,,,,,
-0.115,-0.01,0.105,,,,,,,,,
-0.062,-0.009,0.052,,,,,,,,,
-0.058,-0.013,0.045,,,,,,,,,
-0.124,-0.015,0.109,,,,,,,,,
0.031,-0.014,-0.046,,,,,,,,,
0.097,-0.014,-0.112,,,,,,,,,
0.006,-0.015,-0.021,,,,,,,,,
0.008,-0.014,-0.023,,,,,,,,,
0.049,-0.015,-0.064,,,,,,,,,
0.056,-0.014,-0.071,,,,,,,,,
0.056,-0.015,-0.071,,,,,,,,,
0.061,-0.014,-0.075,,,,,,,,,
0.049,-0.015,-0.065,,,,,,,,,
0.021,-0.014,-0.036,,,,,,,,,
0.006,-0.015,-0.021,,,,,,,,,
-0.048,-0.014,0.034,,,,,,,,,
0.027,-0.026,-0.054,,,,,,,,,
0.071,-0.043,-0.114,,,,,,,,,
0.022,-0.057,-0.079,,,,,,,,,
0.014,-0.06,-0.074,,,,,,,,,
-0.009,-0.059,-0.05,,,,,,,,,
-0.013,-0.059,-0.046,,,,,,,,,
-0.023,-0.06,-0.036,,,,,,,,,
-0.022,-0.06,-0.037,,,,,,,,,
-0.031,-0.059,-0.028,,,,,,,,,
-0.037,-0.062,-0.024,,,,,,,,,
-0.045,-0.065,-0.02,,,,,,,,,
-0.047,-0.064,-0.017,,,,,,,,,
-0.051,-0.065,-0.014,,,,,,,,,
-0.049,-0.064,-0.014,,,,,,,,,
-0.055,-0.065,-0.009,,,,,,,,,
-0.054,-0.064,-0.01,,,,,,,,,
-0.055,-0.062,-0.006,,,,,,,,,
-0.054,-0.058,-0.004,,,,,,,,,
-0.055,-0.06,-0.005,,,,,,,,,
-0.057,-0.059,-0.001,,,,,,,,,
-0.061,-0.06,0.0,,,,,,,,,
-0.059,-0.059,0.0,,,,,,,,,
-0.065,-0.061,0.004,,,,,,,,,
-0.064,-0.058,0.005,,,,,,,,,
-0.065,-0.061,0.004,,,,,,,,,
-0.068,-0.058,0.009,,,,,,,,,
-0.071,-0.062,0.009,,,,,,,,,
-0.068,-0.052,0.015,,,,,,,,,
-0.052,-0.036,0.015,,,,,,,,,
-0.061,-0.015,0.046,,,,,,,,,
-0.026,0.001,0.027,,,,,,,,,
0.018,0.019,0.001,,,,,,,,,
0.069,0.029,-0.039,,,,,,,,,
0.179,0.047,-0.131,,,,,,,,,
0.287,0.054,-0.232,,,,,,,,,
0.409,0.096,-0.312,,,,,,,,,
0.518,0.084,-0.433,,,,,,,,,
0.452,0.02,-0.431,,,,,,,,,
0.339,0.017,-0.322,,,,,,,,,
0.23,0.0,-0.231,,,,,,,,,
0.145,-0.008,-0.154,,,,,,,,,
0.024,-0.024,-0.048,,,,,,,,,
-0.046,-0.03,0.015,,,,,,,,,
-0.1,-0.044,0.055,,,,,,,,,
-0.132,-0.052,0.08,,,,,,,,,
-0.014,-0.051,-0.036,,,,,,,,,
-0.005,-0.049,-0.043,,,,,,,,,
0.009,-0.045,-0.054,,,,,,,,,
0.0,-0.044,-0.046,,,,,,,,,
0.01,-0.042,-0.053,,,,,,,,,
-0.008,-0.038,-0.03,,,,,,,,,
-0.03,-0.04,-0.009,,,,,,,,,
-0.05,-0.034,0.016,,,,,,,,,
-0.061,-0.034,0.026,,,,,,,,,
-0.052,-0.029,0.024,,,,,,,,,
-0.043,-0.031,0.012,,,,,,,,,
-0.036,-0.026,0.01,,,,,,,,,
-0.027,-0.025,0.002,,,,,,,,,
-0.019,-0.023,-0.004,,,,,,,,,
-0.008,-0.02,-0.01,,,,,,,,,
-0.02,-0.019,0.001,,,,,,,,,
-0.028,-0.02,0.008,,,,,,,,,
-0.037,-0.019,0.017,,,,,,,,,
-0.039,-0.016,0.023,,,,,,,,,
-0.034,-0.014,0.019,,,,,,,,,
-0.035,-0.015,0.019,,,,,,,,,
-0.035,-0.015,0.02,,,,,,,,,
-0.033,-0.013,0.019,,,,,,,,,
-0.028,-0.009,0.019,,,,,,,,,
-0.03,-0.01,0.02,,,,,,,,,
-0.028,-0.009,0.019,,,,,,,,,
-0.031,-0.011,0.02,,,,,,,,,
-0.027,-0.007,0.019,,,,,,,,,
-0.025,-0.005,0.02,,,,,,,,,
-0.021,-0.001,0.019,,,,,,,,,
-0.02,0.0,0.02,,,,,,,,,
-0.016,0.003,0.019,,,,,,,,,
-0.014,0.005,0.019,,,,,,,,,
-0.003,0.008,0.012,,,,,,,,,
0.0,0.01,0.011,,,,,,,,,
0.01,0.013,0.003,,,,,,,,,
0.003,0.016,0.013,,,,,,,,,
-0.003,0.018,0.022,,,,,,,,,
-0.015,0.022,0.038,,,,,,,,,
-0.007,0.038,0.045,,,,,,,,,
-0.016,0.041,0.057,,,,,,,,,
-0.004,0.045,0.05,,,,,,,,,
-0.011,0.049,0.061,,,,,,,,,
0.009,0.053,0.043,,,,,,,,,
-0.054,0.061,0.115,,,,,,,,,
-0.005,0.075,0.08,,,,,,,,,
0.084,0.087,0.002,,,,,,,,,
0.061,0.097,0.035,,,,,,,,,
0.0,0.105,0.105,,,,,,,,,
-0.054,0.118,0.172,,,,,,,,,
-0.02,0.125,0.146,,,,,,,,,
-0.013,0.131,0.145,,,,,,,,,
0.018,0.141,0.122,,,,,,,,,
-0.012,0.15,0.162,,,,,,,,,
0.001,0.158,0.157,,,,,,,,,
0.009,0.159,0.149,,,,,,,,,
0.019,0.154,0.133,,,,,,,,,
0.047,0.155,0.108,,,,,,,,,
0.063,0.153,0.089,,,,,,,,,
0.085,0.15,0.064,,,,,,,,,
0.06,0.149,0.089,,,,,,,,,
0.041,0.149,0.107,,,,,,,,,
0.048,0.131,0.082,,,,,,,,,
0.038,0.111,0.072,,,,,,,,,
0.039,0.091,0.051,,,,,,,,,
0.024,0.071,0.046,,,,,,,,,
0.011,0.051,0.04,,,,,,,,,
-0.002,0.036,0.039,,,,,,,,,
-0.013,0.019,0.032,,,,,,,,,
-0.023,0.007,0.03,,,,,,,,,
-0.025,-0.001,0.024,,,,,,,,,
-0.032,-0.008,0.023,,,,,,,,,
-0.033,-0.017,0.016,,,,,,,,,
-0.039,-0.024,0.015,,,,,,,,,
-0.041,-0.033,0.008,,,,,,,,,
-0.05,-0.039,0.011,,,,,,,,,
-0.048,-0.039,0.008,,,,,,,,,
-0.051,-0.04,0.011,,,,,,,,,
-0.048,-0.039,0.008,,,,,,,,,
-0.052,-0.04,0.012,,,,,,,,,
-0.035,-0.039,-0.003,,,,,,,,,
-0.033,-0.04,-0.006,,,,,,,,,
-0.039,-0.039,0.0,,,,,,,,,
-0.045,-0.04,0.005,,,,,,,,,
-0.048,-0.038,0.009,,,,,,,,,
-0.05,-0.049,0.0,,,,,,,,,
-0.044,-0.057,-0.013,,,,,,,,,
-0.035,-0.053,-0.018,,,,,,,,,
-0.046,-0.055,-0.009,,,,,,,,,
-0.052,-0.054,-0.001,,,,,,,,,
-0.059,-0.055,0.004,,,,,,,,,
-0.062,-0.054,0.008,,,,,,,,,
-0.072,-0.055,0.017,,,,,,,,,
-0.077,-0.054,0.023,,,,,,,,,
-0.075,-0.055,0.019,,,,,,,,,
-0.07,-0.054,0.015,,,,,,,,,
-0.067,-0.055,0.012,,,,,,,,,
-0.062,-0.054,0.007,,,,,,,,,
-0.059,-0.055,0.004,,,,,,,,,
-0.054,-0.054,0.0,,,,,,,,,
-0.047,-0.05,-0.003,,,,,,,,,
-0.039,-0.049,-0.009,,,,,,,,,
-0.045,-0.05,-0.004,,,,,,,,,
-0.065,-0.049,0.015,,,,,,,,,
-0.081,-0.05,0.031,,,,,,,,,
-0.074,-0.049,0.025,,,,,,,,,
-0.056,-0.049,0.006,,,,,,,,,
-0.036,-0.044,-0.008,,,,,,,,,
-0.022,-0.045,-0.022,,,,,,,,,
-0.041,-0.044,-0.002,,,,,,,,,
-0.055,-0.045,0.01,,,,,,,,,
-0.075,-0.044,0.031,,,,,,,,,
-0.07,-0.045,0.025,,,,,,,,,
-0.009,-0.043,-0.033,,,,,,,,,
-0.075,-0.04,0.035,,,,,,,,,
-0.154,-0.04,0.114,,,,,,,,,
-0.013,-0.037,-0.023,,,,,,,,,
0.06,-0.034,-0.094,,,,,,,,,
0.021,-0.035,-0.056,,,,,,,,,
0.001,-0.031,-0.033,,,,,,,,,
-0.054,-0.029,0.025,,,,,,,,,
-0.082,-0.029,0.052,,,,,,,,,
-0.058,-0.024,0.033,,,,,,,,,
-0.046,-0.024,0.021,,,,,,,,,
0.046,-0.025,-0.071,,,,,,,,,
0.105,-0.02,-0.125,,,,,,,,,
0.086,-0.019,-0.106,,,,,,,,,
0.071,-0.02,-0.091,,,,,,,,,
,-0.019,,-0.019,0.07,-0.049,,,,,,
,-0.02,,-0.02,0.07,-0.05,,,,,,
,-0.019,,-0.02,0.069,-0.049,,,,,,
,-0.026,,-0.013,0.067,-0.053,,,,,,
,-0.037,,0.0,0.058,-0.057,,,,,,
,-0.039,,0.003,0.054,-0.056,,,,,,
,-0.039,,0.002,0.055,-0.056,,,,,,
,-0.041,,0.004,0.054,-0.057,,,,,,
,-0.045,,0.009,0.052,-0.059,,,,,,
,-0.044,,0.012,0.041,-0.053,,,,,,
,-0.046,,0.019,0.031,-0.05,,,,,,
,-0.05,,0.029,0.016,-0.045,,,,,,
,-0.054,,0.037,0.007,-0.043,,,,,,
,-0.057,,0.043,0.0,-0.043,,,,,,
,-0.062,,0.047,0.0,-0.046,,,,,,
,-0.065,,0.053,-0.006,-0.045,,,,,,
,-0.07,,0.058,-0.01,-0.047,,,,,,
,-0.073,,0.061,-0.011,-0.049,,,,,,
,-0.079,,0.068,-0.018,-0.05,,,,,,
,-0.078,,0.068,-0.019,-0.048,,,,,,
,-0.074,,0.064,-0.016,-0.046,,,,,,
,-0.075,,0.064,-0.014,-0.048,,,,,,
,-0.07,,0.058,-0.009,-0.047,,,,,,
,-0.07,,0.058,-0.01,-0.046,,,,,,
,-0.068,,0.056,-0.008,-0.046,,,,,,
,-0.064,,0.052,-0.007,-0.044,,,,,,
,-0.065,,0.053,-0.006,-0.045,,,,,,
,-0.062,,0.051,-0.006,-0.043,,,,,,
,-0.059,,0.047,-0.004,-0.042,,,,,,
,-0.059,,0.047,-0.005,-0.041,,,,,,
,-0.056,,0.044,-0.002,-0.04,,,,,,
,-0.054,,0.041,0.0,-0.039,,,,,,
,-0.056,,0.047,-0.009,-0.037,,,,,,
,-0.041,,0.058,-0.056,-0.002,,,,,,
,-0.01,,0.036,-0.056,0.019,,,,,,
,0.014,,0.01,-0.044,0.032,,,,,,
,0.03,,-0.024,0.002,0.021,,,,,,
,0.04,,-0.064,0.067,-0.003,,,,,,
,0.041,,-0.108,0.156,-0.047,,,,,,
,0.057,,-0.225,0.363,-0.138,,,,,,
,0.093,,-0.311,0.482,-0.17,,,,,,
,0.03,,-0.245,0.444,-0.199,,,,,,
,0.0,,-0.25,0.5,-0.25,,,,,,
,-0.011,,-0.18,0.379,-0.198,,,,,,
,-0.03,,-0.115,0.275,-0.16,,,,,,
,-0.042,,-0.042,0.148,-0.105,,,,,,
,-0.039,,0.071,-0.082,0.011,,,,,,
,-0.035,,0.074,-0.095,0.02,,,,,,
,-0.034,,0.051,-0.051,0.0,,,,,,
,-0.03,,-0.002,0.049,-0.047,,,,,,
,-0.028,,-0.003,0.051,-0.047,,,,,,
,-0.025,,0.001,0.035,-0.035,,,,,,
,-0.023,,0.01,0.015,-0.024,,,,,,
,-0.019,,0.007,0.016,-0.022,,,,,,
,-0.02,,0.01,0.008,-0.019,,,,,,
,-0.019,,0.011,0.007,-0.018,,,,,,
,-0.02,,0.014,0.003,-0.015,,,,,,
,-0.019,,0.013,0.002,-0.016,,,,,,
,-0.02,,0.018,-0.004,-0.012,,,,,,
,-0.019,,0.018,-0.006,-0.011,,,,,,
,-0.02,,0.02,-0.011,-0.009,,,,,,
,-0.019,,0.02,-0.011,-0.008,,,,,,
,-0.02,,0.022,-0.017,-0.006,,,,,,
,-0.019,,0.023,-0.016,-0.006,,,,,,
,-0.02,,0.026,-0.022,-0.004,,,,,,
,-0.019,,0.024,-0.018,-0.005,,,,,,
,-0.019,,0.027,-0.027,-0.001,,,,,,
,-0.02,,0.027,-0.024,-0.002,,,,,,
,-0.016,,0.028,-0.031,0.002,,,,,,
,-0.014,,0.022,-0.023,0.001,,,,,,
,-0.011,,0.024,-0.032,0.006,,,,,,
,-0.009,,0.02,-0.026,0.006,,,,,,
,-0.006,,0.02,-0.031,0.011,,,,,,
,-0.003,,0.017,-0.029,0.011,,,,,,
,0.0,,0.017,-0.034,0.016,,,,,,
,0.001,,0.014,-0.032,0.016,,,,,,
,0.004,,0.015,-0.037,0.021,,,,,,
,0.006,,0.012,-0.035,0.022,,,,,,
,0.009,,0.01,-0.036,0.025,,,,,,
,0.011,,0.004,-0.027,0.022,,,,,,
,0.016,,0.001,-0.029,0.026,,,,,,
,0.019,,-0.003,-0.022,0.025,,,,,,
,0.021,,-0.004,-0.022,0.026,,,,,,
,0.026,,-0.012,-0.014,0.026,,,,,,
,0.029,,-0.013,-0.017,0.03,,,,,,
,0.031,,-0.015,-0.017,0.031,,,,,,
,0.035,,-0.006,-0.04,0.045,,,,,,
,0.04,,-0.014,-0.031,0.045,,,,,,
,0.04,,-0.01,-0.039,0.049,,,,,,
,0.045,,-0.017,-0.033,0.05,,,,,,
,0.044,,-0.012,-0.042,0.054,,,,,,
,0.058,,-0.027,-0.033,0.06,,,,,,
,0.072,,-0.04,-0.027,0.067,,,,,,
,0.078,,-0.038,-0.041,0.078,,,,,,
,0.081,,0.015,-0.155,0.138,,,,,,
,0.09,,-0.015,-0.105,0.12,,,,,,
,0.097,,-0.005,-0.134,0.139,,,,,,
,0.108,,-0.067,-0.026,0.094,,,,,,
,0.128,,-0.116,0.039,0.076,,,,,,
,0.136,,-0.096,-0.013,0.109,,,,,,
,0.145,,-0.064,-0.088,0.152,,,,,,
,0.152,,-0.123,0.016,0.105,,,,,,
,0.165,,-0.17,0.091,0.077,,,,,,
,0.173,,-0.126,-0.009,0.134,,,,,,
,0.175,,-0.137,0.011,0.125,,,,,,
,0.178,,-0.139,0.011,0.128,,,,,,
,0.18,,-0.136,0.001,0.134,,,,,,
,0.173,,-0.099,-0.063,0.161,,,,,,
,0.166,,-0.104,-0.039,0.143,,,,,,
,0.157,,-0.095,-0.046,0.141,,,,,,
,0.149,,-0.1,-0.025,0.124,,,,,,
,0.134,,-0.087,-0.026,0.113,,,,,,
,0.117,,-0.083,-0.009,0.092,,,,,,
,0.102,,-0.072,-0.009,0.081,,,,,,
,0.091,,-0.067,-0.001,0.068,,,,,,
,0.074,,-0.05,-0.012,0.062,,,,,,
,0.059,,-0.039,-0.012,0.05,,,,,,
,0.042,,-0.02,-0.022,0.043,,,,,,
,0.027,,-0.009,-0.023,0.031,,,,,,
,0.017,,0.001,-0.029,0.027,,,,,,
,0.01,,0.004,-0.026,0.02,,,,,,
,0.001,,0.015,-0.032,0.016,,,,,,
,-0.004,,0.016,-0.027,0.01,,,,,,
,-0.008,,0.016,-0.02,0.003,,,,,,
,-0.012,,0.015,-0.013,-0.002,,,,,,
,-0.016,,0.017,-0.007,-0.008,,,,,,
,-0.027,,0.028,-0.015,-0.013,,,,,,
,-0.041,,0.053,-0.045,-0.007,,,,,,
,-0.042,,0.059,-0.056,-0.003,,,,,,
,-0.039,,0.057,-0.056,0.0,,,,,,
,-0.04,,0.056,-0.053,-0.003,,,,,,
,-0.039,,0.057,-0.056,-0.001,,,,,,
,-0.04,,0.054,-0.049,-0.005,,,,,,
,-0.039,,0.055,-0.051,-0.004,,,,,,
,-0.04,,0.054,-0.048,-0.005,,,,,,
,-0.035,,0.05,-0.048,-0.002,,,,,,
,-0.034,,0.045,-0.04,-0.005,,,,,,
,-0.035,,0.047,-0.043,-0.004,,,,,,
,-0.034,,0.046,-0.039,-0.005,,,,,,
,-0.035,,0.045,-0.038,-0.006,,,,,,
,-0.035,,0.044,-0.035,-0.007,,,,,,
,-0.035,,0.045,-0.037,-0.006,,,,,,
,-0.03,,0.04,-0.034,-0.005,,,,,,
,-0.029,,0.04,-0.035,-0.004,,,,,,
,-0.03,,0.039,-0.034,-0.005,,,,,,
,-0.029,,0.04,-0.035,-0.004,,,,,,
,-0.03,,0.04,-0.034,-0.005,,,,,,
,-0.029,,0.039,-0.034,-0.004,,,,,,
,-0.029,,0.054,-0.063,0.009,,,,,,
,-0.03,,0.064,-0.084,0.019,,,,,,
,-0.029,,0.06,-0.077,0.015,,,,,,
,-0.03,,0.062,-0.08,0.017,,,,,,
,-0.029,,0.067,-0.09,0.022,,,,,,
,-0.03,,0.104,-0.164,0.059,,,,,,
,-0.029,,0.044,-0.043,0.0,,,,,,
,-0.03,,-0.007,0.06,-0.053,,,,,,
,-0.035,,0.011,0.031,-0.041,,,,,,
,-0.038,,0.048,-0.039,-0.009,,,,,,
,-0.043,,0.046,-0.028,-0.018,,,,,,
,-0.043,,0.032,0.001,-0.032,,,,,,
,-0.038,,0.055,-0.055,0.0,,,,,,
,-0.035,,0.023,0.009,-0.03,,,,,,
,-0.033,,0.017,0.014,-0.031,,,,,,
,-0.03,,0.023,-0.001,-0.022,,,,,,
,-0.028,,0.027,-0.011,-0.014,,,,,,
,-0.024,,0.029,-0.022,-0.006,,,,,,
,-0.022,,0.022,-0.011,-0.011,,,,,,
,-0.019,,0.011,0.004,-0.016,,,,,,
,-0.023,,0.026,-0.016,-0.008,,,,,,
,-0.025,,0.04,-0.044,0.003,,,,,,
,-0.025,,0.033,-0.028,-0.004,,,,,,
,-0.024,,0.017,0.004,-0.02,,,,,,
,-0.025,,0.0,0.038,-0.037,,,,,,
,-0.024,,-0.006,0.051,-0.043,,,,,,
,-0.025,,-0.001,0.041,-0.039,,,,,,
,-0.028,,0.002,0.038,-0.04,,,,,,
,-0.03,,0.007,0.03,-0.037,,,,,,
,-0.029,,0.009,0.026,-0.035,,,,,,
,-0.03,,0.012,0.02,-0.032,,,,,,
,-0.029,,0.012,0.021,-0.032,,,,,,
,-0.03,,0.009,0.026,-0.035,,,,,,
,-0.029,,0.008,0.029,-0.037,,,,,,
,-0.034,,0.009,0.033,-0.041,,,,,,
,-0.037,,0.015,0.027,-0.041,,,,,,
,-0.042,,0.022,0.017,-0.041,,,,,,
,-0.045,,0.027,0.014,-0.04,,,,,,
,-0.045,,0.029,0.009,-0.037,,,,,,
,-0.044,,0.032,0.003,-0.035,,,,,,
,-0.044,,0.034,0.0,-0.032,,,,,,
,-0.046,,0.037,-0.005,-0.031,,,,,,
,-0.055,,0.048,-0.013,-0.034,,,,,,
,-0.062,,0.055,-0.014,-0.038,,,,,,
,-0.076,,0.07,-0.024,-0.044,,,,,,
,-0.077,,0.071,-0.028,-0.042,,,,,,
,-0.074,,0.069,-0.026,-0.041,,,,,,
,-0.075,,0.069,-0.026,-0.042,,,,,,
,-0.075,,0.072,-0.03,-0.041,,,,,,
,-0.073,,0.071,-0.032,-0.039,,,,,,
,-0.069,,0.067,-0.029,-0.036,,,,,,
,-0.07,,0.069,-0.032,-0.036,,,,,,
,-0.069,,0.069,-0.035,-0.034,,,,,,
,-0.07,,0.07,-0.034,-0.035,,,,,,
,-0.065,,0.065,-0.033,-0.031,,,,,,
,-0.065,,0.063,-0.028,-0.033,,,,,,
,-0.064,,0.058,-0.02,-0.037,,,,,,
,-0.065,,0.055,-0.011,-0.042,,,,,,
,-0.064,,0.05,-0.003,-0.046,,,,,,
,-0.06,,0.05,-0.009,-0.04,,,,,,
,-0.056,,0.052,-0.019,-0.032,,,,,,
,-0.052,,0.061,-0.043,-0.017,,,,,,
,-0.047,,0.096,-0.122,0.025,,,,,,
,-0.028,,0.076,-0.109,0.032,,,,,,
,-0.008,,0.063,-0.113,0.05,,,,,,
,0.011,,0.011,-0.041,0.029,,,,,,
,0.027,,-0.094,0.147,-0.052,,,,,,
,0.035,,-0.157,0.261,-0.103,,,,,,
,0.049,,-0.272,0.471,-0.198,,,,,,
,0.049,,-0.355,0.638,-0.282,,,,,,
,0.054,,-0.349,0.618,-0.268,,,,,,
,0.054,,-0.238,0.395,-0.157,,,,,,
,0.07,,-0.188,0.271,-0.083,,,,,,
,0.06,,-0.121,0.153,-0.03,,,,,,
,0.042,,-0.049,0.035,0.013,,,,,,
,0.028,,0.013,-0.07,0.055,,,,,,
,0.015,,0.035,-0.094,0.058,,,,,,
,0.001,,0.066,-0.135,0.068,,,,,,
,-0.01,,0.038,-0.06,0.022,,,,,,
,-0.026,,0.036,-0.032,-0.003,,,,,,
,-0.027,,0.04,-0.041,0.0,,,,,,
,-0.024,,0.034,-0.032,-0.001,,,,,,
,-0.025,,0.035,-0.033,-0.001,,,,,,
,-0.024,,0.034,-0.03,-0.002,,,,,,
,-0.025,,0.033,-0.028,-0.004,,,,,,
,-0.024,,0.031,-0.025,-0.005,,,,,,
,-0.025,,0.032,-0.028,-0.004,,,,,,
,-0.024,,0.029,-0.021,-0.007,,,,,,
,-0.025,,0.03,-0.023,-0.006,,,,,,
,-0.024,,0.028,-0.019,-0.008,,,,,,
,-0.025,,0.027,-0.017,-0.009,,,,,,
,-0.024,,0.026,-0.016,-0.01,,,,,,
,-0.025,,0.027,-0.017,-0.01,,,,,,
,-0.025,,0.024,-0.01,-0.012,,,,,,
,-0.02,,0.019,-0.006,-0.011,,,,,,
,-0.019,,0.016,-0.003,-0.013,,,,,,
,-0.02,,0.015,-0.002,-0.014,,,,,,
,-0.015,,0.009,0.004,-0.013,,,,,,
,-0.014,,0.008,0.006,-0.013,,,,,,
,-0.015,,0.006,0.01,-0.016,,,,,,
,-0.014,,0.004,0.012,-0.016,,,,,,
,-0.009,,0.0,0.015,-0.015,,,,,,
,-0.009,,0.006,0.002,-0.008,,,,,,
,-0.01,,0.007,0.002,-0.007,,,,,,
,-0.005,,0.007,-0.005,0.0,,,,,,
,-0.004,,0.005,-0.005,0.0,,,,,,
,-0.005,,0.012,-0.017,0.004,,,,,,
,-0.004,,0.009,-0.012,0.003,,,,,,
,0.0,,0.002,-0.005,0.002,,,,,,
,0.004,,-0.01,0.013,-0.004,,,,,,
,0.005,,0.0,-0.01,0.009,,,,,,
,0.009,,0.008,-0.031,0.023,,,,,,
,0.014,,0.035,-0.093,0.057,,,,,,
,0.015,,0.027,-0.078,0.05,,,,,,
,0.024,,0.006,-0.05,0.042,,,,,,
,0.037,,-0.039,0.021,0.017,,,,,,
,0.049,,-0.071,0.069,0.001,,,,,,
,0.06,,-0.058,0.024,0.032,,,,,,
,0.065,,-0.063,0.029,0.033,,,,,,
,0.064,,-0.04,-0.016,0.056,,,,,,
,0.065,,-0.054,0.009,0.043,,,,,,
,0.066,,-0.068,0.037,0.03,,,,,,
,0.075,,-0.06,0.007,0.052,,,,,,
,0.079,,-0.053,-0.014,0.066,,,,,,
,0.09,,-0.091,0.048,0.043,,,,,,
,0.098,,-0.063,-0.023,0.085,,,,,,
,0.103,,-0.07,-0.014,0.085,,,,,,
,0.116,,-0.079,-0.016,0.094,,,,,,
,0.127,,-0.094,-0.002,0.096,,,,,,
,0.134,,-0.097,-0.006,0.103,,,,,,
,0.138,,-0.106,0.005,0.1,,,,,,
,0.142,,-0.108,0.003,0.104,,,,,,
,0.146,,-0.116,0.01,0.104,,,,,,
,0.155,,-0.122,0.009,0.111,,,,,,
,0.154,,-0.124,0.015,0.108,,,,,,
,0.155,,-0.124,0.015,0.107,,,,,,
,0.155,,-0.126,0.018,0.106,,,,,,
,0.154,,-0.123,0.015,0.107,,,,,,
,0.155,,-0.126,0.018,0.106,,,,,,
,0.151,,-0.121,0.014,0.105,,,,,,
,0.127,,-0.102,0.011,0.089,,,,,,
,0.104,,-0.077,0.0,0.078,,,,,,
,0.08,,-0.058,-0.003,0.061,,,,,,
,0.064,,-0.041,-0.014,0.055,,,,,,
,0.043,,-0.024,-0.017,0.04,,,,,,
,0.026,,-0.007,-0.025,0.032,,,,,,
,0.019,,-0.004,-0.02,0.024,,,,,,
,0.016,,0.0,-0.023,0.023,,,,,,
,0.012,,0.0,-0.02,0.018,,,,,,
,0.007,,0.004,-0.02,0.015,,,,,,
,-0.003,,0.013,-0.02,0.006,,,,,,
,-0.013,,0.023,-0.026,0.002,,,,,,
,-0.025,,0.031,-0.025,-0.005,,,,,,
,-0.032,,0.039,-0.03,-0.008,,,,,,
,-0.035,,0.039,-0.024,-0.013,,,,,,
,-0.034,,0.038,-0.026,-0.012,,,,,,
,-0.035,,0.034,-0.016,-0.017,,,,,,
,-0.039,,0.039,-0.021,-0.017,,,,,,
,-0.048,,0.046,-0.019,-0.026,,,,,,
,-0.048,,0.047,-0.021,-0.025,,,,,,
,-0.044,,0.039,-0.011,-0.027,,,,,,
,-0.045,,0.041,-0.014,-0.025,,,,,,
,-0.045,,0.038,-0.008,-0.028,,,,,,
,-0.044,,0.044,-0.022,-0.022,,,,,,
,-0.045,,0.052,-0.037,-0.014,,,,,,
,-0.044,,0.062,-0.057,-0.004,,,,,,
,-0.045,,0.067,-0.068,0.0,,,,,,
,-0.044,,0.087,-0.107,0.02,,,,,,
,-0.045,,0.057,-0.046,-0.01,,,,,,
,-0.044,,0.089,-0.111,0.022,,,,,,
,-0.045,,0.085,-0.103,0.017,,,,,,
,-0.044,,0.072,-0.077,0.004,,,,,,
,-0.045,,0.054,-0.04,-0.013,,,,,,
,-0.044,,0.031,0.005,-0.036,,,,,,
,-0.045,,0.034,0.0,-0.033,,,,,,
,-0.044,,0.054,-0.042,-0.011,,,,,,
,-0.045,,0.089,-0.111,0.022,,,,,,
,-0.044,,0.059,-0.05,-0.008,,,,,,
,-0.045,,-0.003,0.075,-0.071,,,,,,
,-0.044,,0.055,-0.042,-0.011,,,,,,
,-0.045,,0.057,-0.047,-0.01,,,,,,
,-0.044,,0.016,0.036,-0.051,,,,,,
,-0.045,,0.027,0.013,-0.04,,,,,,
,-0.044,,0.027,0.013,-0.039,,,,,,
,-0.045,,0.034,0.0,-0.033,,,,,,
,-0.044,,0.036,-0.004,-0.03,,,,,,
,-0.045,,0.038,-0.008,-0.029,,,,,,
,-0.04,,0.033,-0.004,-0.027,,,,,,
,-0.04,,0.035,-0.011,-0.024,,,,,,
,-0.038,,0.032,-0.007,-0.024,,,,,,
,-0.034,,0.031,-0.01,-0.019,,,,,,
,-0.035,,0.033,-0.012,-0.02,,,,,,
,-0.034,,0.031,-0.011,-0.019,,,,,,
,-0.029,,0.028,-0.012,-0.015,,,,,,
,-0.03,,0.03,-0.015,-0.014,,,,,,
,-0.029,,0.029,-0.014,-0.014,,,,,,
,-0.024,,0.027,-0.017,-0.009,,,,,,
,-0.024,,0.026,-0.016,-0.009,,,,,,
,-0.024,,0.027,-0.017,-0.009,,,,,,
,-0.025,,0.022,-0.007,-0.015,,,,,,
,-0.024,,0.016,0.005,-0.02,,,,,,
,-0.025,,0.01,0.017,-0.027,,,,,,
,-0.024,,0.004,0.027,-0.031,,,,,,
,-0.019,,0.003,0.024,-0.026,,,,,,
,-0.02,,0.002,0.025,-0.027,,,,,,
,-0.019,,0.003,0.023,-0.026,,,,,,
,-0.019,,0.004,0.02,-0.025,,,,,,
,-0.02,,0.005,0.018,-0.024,,,,,,
,-0.019,,0.004,0.021,-0.025,,,,,,
,-0.022,,0.011,0.012,-0.022,,,,,,
,-0.034,,0.02,0.012,-0.031,,,,,,
,-0.029,,0.0,0.047,-0.045,,,,,,
,-0.03,,0.0,0.044,-0.045,,,,,,
,-0.029,,0.003,0.038,-0.041,,,,,,
,-0.03,,0.004,0.037,-0.041,,,,,,
,-0.029,,0.01,0.023,-0.034,,,,,,
,-0.029,,0.02,0.005,-0.024,,,,,,
,-0.034,,0.033,-0.012,-0.019,,,,,,
,-0.048,,0.053,-0.034,-0.019,,,,,,
,-0.053,,0.052,-0.022,-0.029,,,,,,
,-0.058,,0.034,0.019,-0.053,,,,,,
,-0.061,,0.046,0.0,-0.046,,,,,,
,-0.065,,0.099,-0.099,0.0,,,,,,
,-0.064,,0.094,-0.093,0.0,,,,,,
,-0.067,,0.053,-0.004,-0.047,,,,,,
,-0.069,,0.03,0.042,-0.073,,,,,,
,-0.07,,0.058,-0.01,-0.047,,,,,,
,-0.068,,0.049,0.003,-0.053,,,,,,
,-0.065,,0.011,0.076,-0.086,,,,,,
,-0.064,,0.033,0.032,-0.064,,,,,,
,-0.065,,0.032,0.034,-0.065,,,,,,
,-0.064,,0.055,-0.013,-0.04,,,,,,
,-0.065,,0.056,-0.013,-0.042,,,,,,
,-0.061,,0.034,0.026,-0.059,,,,,,
,-0.059,,0.043,0.002,-0.046,,,,,,
,-0.059,,0.045,0.0,-0.044,,,,,,
,-0.06,,0.056,-0.021,-0.034,,,,,,
,-0.059,,0.04,0.009,-0.048,,,,,,
,-0.061,,0.046,0.0,-0.044,,,,,,
,-0.047,,0.041,-0.009,-0.03,,,,,,
,-0.032,,0.031,-0.013,-0.017,,,,,,
,-0.013,,0.017,-0.015,-0.002,,,,,,
,0.004,,0.0,-0.006,0.006,,,,,,
,0.022,,-0.053,0.073,-0.019,,,,,,
,0.034,,-0.124,0.197,-0.073,,,,,,
,0.066,,-0.215,0.33,-0.115,,,,,,
,0.099,,-0.291,0.434,-0.142,,,,,,
,0.094,,-0.316,0.49,-0.174,,,,,,
,0.092,,-0.26,0.382,-0.121,,,,,,
,0.089,,-0.204,0.275,-0.07,,,,,,
,0.077,,-0.133,0.151,-0.017,,,,,,
,0.044,,-0.048,0.028,0.018,,,,,,
,0.02,,0.031,-0.093,0.061,,,,,,
,-0.01,,0.079,-0.142,0.062,,,,,,
,-0.025,,0.074,-0.111,0.036,,,,,,
,-0.044,,0.079,-0.092,0.012,,,,,,
,-0.052,,0.073,-0.069,-0.004,,,,,,
,-0.046,,0.056,-0.043,-0.012,,,,,,
,-0.042,,0.039,-0.015,-0.023,,,,,,
,-0.038,,0.029,0.0,-0.028,,,,,,
,-0.031,,0.024,-0.001,-0.022,,,,,,
,-0.027,,0.021,0.0,-0.02,,,,,,
,-0.024,,0.019,-0.002,-0.016,,,,,,
,-0.025,,0.021,-0.004,-0.016,,,,,,
,-0.024,,0.023,-0.007,-0.014,,,,,,
,-0.025,,0.024,-0.009,-0.013,,,,,,
,-0.024,,0.025,-0.013,-0.011,,,,,,
,-0.025,,0.026,-0.014,-0.011,,,,,,
,-0.024,,0.027,-0.018,-0.008,,,,,,
,-0.025,,0.029,-0.02,-0.008,,,,,,
,-0.024,,0.03,-0.023,-0.005,,,,,,
,-0.025,,0.031,-0.025,-0.005,,,,,,
,-0.024,,0.031,-0.027,-0.004,,,,,,
,-0.025,,0.033,-0.029,-0.003,,,,,,
,-0.024,,0.034,-0.032,-0.001,,,,,,
,-0.026,,0.036,-0.033,-0.002,,,,,,
,-0.022,,0.03,-0.026,-0.002,,,,,,
,-0.02,,0.049,-0.07,0.019,,,,,,
,-0.016,,0.065,-0.105,0.039,,,,,,
,-0.014,,0.003,0.016,-0.018,,,,,,
,-0.011,,0.028,-0.041,0.011,,,,,,
,-0.009,,-0.004,0.022,-0.018,,,,,,
,-0.006,,0.038,-0.067,0.028,,,,,,
,-0.004,,0.041,-0.076,0.034,,,,,,
,-0.001,,0.008,-0.013,0.006,,,,,,
,0.0,,0.007,-0.016,0.009,,,,,,
,0.004,,-0.042,0.077,-0.035,,,,,,
,0.005,,-0.028,0.047,-0.018,,,,,,
,0.01,,-0.028,0.041,-0.012,,,,,,
,0.009,,-0.019,0.023,-0.004,,,,,,
,0.013,,-0.007,-0.006,0.012,,,,,,
,0.022,,-0.009,-0.015,0.024,,,,,,
,0.026,,-0.001,-0.036,0.037,,,,,,
,0.032,,0.017,-0.086,0.067,,,,,,
,0.036,,-0.004,-0.046,0.05,,,,,,
,0.043,,-0.013,-0.038,0.051,,,,,,
,0.047,,-0.032,-0.006,0.038,,,,,,
,0.05,,-0.032,-0.012,0.044,,,,,,
,0.055,,-0.04,-0.004,0.043,,,,,,
,0.063,,-0.042,-0.011,0.053,,,,,,
,0.079,,-0.06,0.002,0.058,,,,,,
,0.089,,-0.065,-0.004,0.069,,,,,,
,0.092,,-0.066,-0.005,0.071,,,,,,
,0.108,,-0.077,-0.008,0.085,,,,,,
,0.11,,-0.076,-0.014,0.089,,,,,,
,0.109,,-0.071,-0.023,0.093,,,,,,
,0.125,,-0.087,-0.014,0.101,,,,,,
,0.14,,-0.098,-0.016,0.112,,,,,,
,0.14,,-0.099,-0.01,0.11,,,,,,
,0.166,,-0.125,0.001,0.123,,,,,,
,0.164,,-0.125,0.003,0.12,,,,,,
,0.16,,-0.122,0.003,0.118,,,,,,
,0.155,,-0.119,0.003,0.114,,,,,,
,0.155,,-0.117,0.002,0.113,,,,,,
,0.15,,-0.116,0.007,0.109,,,,,,
,0.147,,-0.111,0.0,0.108,,,,,,
,0.141,,-0.109,0.004,0.103,,,,,,
,0.14,,-0.108,0.004,0.102,,,,,,
,0.135,,-0.103,0.003,0.098,,,,,,
,0.117,,-0.086,-0.003,0.089,,,,,,
,0.102,,-0.073,-0.007,0.08,,,,,,
,0.085,,-0.054,-0.018,0.073,,,,,,
,0.07,,-0.043,-0.018,0.061,,,,,,
,0.053,,-0.028,-0.024,0.052,,,,,,
,0.038,,-0.017,-0.024,0.04,,,,,,
,0.021,,-0.001,-0.029,0.03,,,,,,
,0.008,,0.008,-0.029,0.019,,,,,,
,0.0,,0.012,-0.025,0.012,,,,,,
,-0.007,,0.017,-0.022,0.005,,,,,,
,-0.016,,0.023,-0.023,0.0,,,,,,
,-0.02,,0.022,-0.015,-0.007,,,,,,
,-0.024,,0.025,-0.012,-0.011,,,,,,
,-0.029,,0.035,-0.026,-0.007,,,,,,
,-0.03,,0.05,-0.057,0.005,,,,,,
,-0.034,,0.061,-0.07,0.009,,,,,,
,-0.035,,0.049,-0.044,-0.004,,,,,,
,-0.04,,0.068,-0.077,0.008,,,,,,
,-0.04,,0.123,-0.186,0.063,,,,,,
,-0.039,,0.046,-0.033,-0.013,,,,,,
,-0.04,,0.023,0.012,-0.036,,,,,,
,-0.039,,0.058,-0.058,0.0,,,,,,
,-0.04,,0.065,-0.072,0.005,,,,,,
,-0.039,,0.048,-0.038,-0.01,,,,,,
,-0.04,,0.078,-0.096,0.018,,,,,,
,-0.039,,0.065,-0.072,0.005,,,,,,
,-0.04,,0.031,-0.001,-0.029,,,,,,
,-0.039,,0.033,-0.007,-0.025,,,,,,
,-0.044,,0.024,0.016,-0.04,,,,,,
,-0.045,,0.025,0.018,-0.042,,,,,,
,-0.045,,0.034,0.0,-0.033,,,,,,
,-0.044,,0.044,-0.021,-0.022,,,,,,
,-0.045,,0.054,-0.041,-0.013,,,,,,
,-0.044,,0.056,-0.044,-0.01,,,,,,
,-0.044,,0.054,-0.04,-0.013,,,,,,
,-0.049,,0.059,-0.045,-0.013,,,,,,
,-0.05,,0.059,-0.044,-0.015,,,,,,
,-0.049,,0.058,-0.043,-0.015,,,,,,
,-0.05,,0.056,-0.038,-0.017,,,,,,
,-0.049,,0.057,-0.04,-0.016,,,,,,
,-0.05,,0.057,-0.039,-0.017,,,,,,
,-0.048,,0.056,-0.04,-0.016,,,,,,
,-0.045,,0.05,-0.031,-0.017,,,,,,
,-0.043,,0.048,-0.032,-0.015,,,,,,
,-0.04,,0.045,-0.029,-0.015,,,,,,
,-0.038,,0.043,-0.029,-0.013,,,,,,
,-0.035,,0.039,-0.025,-0.012,,,,,,
,-0.032,,0.035,-0.022,-0.013,,,,,,
,-0.029,,0.031,-0.018,-0.012,,,,,,
,-0.027,,0.027,-0.013,-0.013,,,,,,
,-0.024,,0.024,-0.011,-0.011,,,,,,
,-0.021,,0.02,-0.007,-0.011,,,,,,
,-0.019,,0.017,-0.003,-0.012,,,,,,
,-0.016,,0.012,0.0,-0.011,,,,,,
,-0.014,,0.007,0.005,-0.012,,,,,,
,-0.015,,0.013,-0.003,-0.008,,,,,,
,-0.014,,0.028,-0.036,0.007,,,,,,
,-0.015,,0.026,-0.029,0.003,,,,,,
,-0.014,,0.018,-0.014,-0.002,,,,,,
,-0.015,,0.013,-0.002,-0.009,,,,,,
,-0.014,,0.005,0.01,-0.016,,,,,,
,-0.015,,0.005,0.012,-0.016,,,,,,
,-0.014,,0.004,0.012,-0.016,,,,,,
,-0.015,,-0.005,0.034,-0.028,,,,,,
,-0.014,,-0.008,0.04,-0.031,,,,,,
,-0.015,,-0.005,0.035,-0.029,,,,,,
,-0.014,,-0.007,0.037,-0.028,,,,,,
,-0.015,,-0.002,0.029,-0.025,,,,,,
,-0.014,,-0.007,0.037,-0.028,,,,,,
,-0.018,,0.001,0.024,-0.025,,,,,,
,-0.02,,0.001,0.028,-0.028,,,,,,
,-0.023,,0.01,0.016,-0.025,,,,,,
,-0.025,,0.0,0.041,-0.038,,,,,,
,-0.028,,0.028,-0.013,-0.014,,,,,,
,-0.03,,0.058,-0.072,0.013,,,,,,
,-0.031,,0.039,-0.032,-0.007,,,,,,
,-0.048,,0.049,-0.026,-0.022,,,,,,
,-0.055,,0.061,-0.04,-0.02,,,,,,
,-0.054,,0.054,-0.027,-0.026,,,,,,
,-0.057,,0.023,0.04,-0.062,,,,,,
,-0.061,,0.067,-0.043,-0.024,,,,,,
,-0.058,,0.095,-0.102,0.007,,,,,,
,-0.062,,0.093,-0.092,0.0,,,,,,
,-0.064,,0.029,0.039,-0.067,,,,,,
,-0.065,,0.012,0.073,-0.085,,,,,,
,-0.062,,0.025,0.045,-0.069,,,,,,
,-0.06,,0.032,0.025,-0.057,,,,,,
,-0.058,,0.039,0.008,-0.047,,,,,,
,-0.054,,0.047,-0.012,-0.033,,,,,,
,-0.055,,0.049,-0.014,-0.033,,,,,,
,-0.05,,0.033,0.009,-0.041,,,,,,
,-0.05,,0.036,0.003,-0.039,,,,,,
,-0.047,,0.031,0.008,-0.039,,,,,,
,-0.044,,0.03,0.006,-0.036,,,,,,
,-0.042,,0.03,0.004,-0.034,,,,,,
,-0.039,,0.027,0.004,-0.031,,,,,,
,-0.04,,0.028,0.006,-0.032,,,,,,
,-0.034,,0.032,-0.013,-0.018,,,,,,
,-0.036,,0.045,-0.034,-0.009,,,,,,
,-0.026,,0.048,-0.056,0.008,,,,,,
,-0.007,,0.023,-0.036,0.012,,,,,,
,0.007,,-0.003,-0.006,0.008,,,,,,
,0.023,,-0.041,0.046,-0.005,,,,,,
,0.047,,-0.121,0.172,-0.049,,,,,,
,0.065,,-0.196,0.295,-0.099,,,,,,
,0.097,,-0.291,0.436,-0.145,,,,,,
,0.079,,-0.315,0.51,-0.195,,,,,,
,0.058,,-0.269,0.451,-0.182,,,,,,
,0.036,,-0.198,0.342,-0.144,,,,,,
,0.018,,-0.128,0.23,-0.101,,,,,,
,0.005,,-0.062,0.117,-0.054,,,,,,
,-0.008,,0.01,-0.009,-0.001,,,,,,
,-0.022,,0.062,-0.09,0.028,,,,,,
,-0.029,,0.058,-0.071,0.013,,,,,,
,-0.038,,0.061,-0.065,0.003,,,,,,
,-0.035,,0.048,-0.043,-0.004,,,,,,
,-0.034,,0.042,-0.034,-0.008,,,,,,
,-0.03,,0.036,-0.028,-0.007,,,,,,
,-0.03,,0.036,-0.027,-0.008,,,,,,
,-0.026,,0.03,-0.021,-0.009,,,,,,
,-0.024,,0.027,-0.019,-0.008,,,,,,
,-0.024,,0.025,-0.014,-0.011,,,,,,
,-0.019,,0.021,-0.012,-0.008,,,,,,
,-0.019,,0.017,-0.006,-0.011,,,,,,
,-0.014,,0.013,-0.003,-0.008,,,,,,
,-0.015,,0.011,0.001,-0.011,,,,,,
,-0.011,,0.007,0.003,-0.009,,,,,,
,-0.009,,0.004,0.004,-0.009,,,,,,
,-0.011,,0.017,-0.018,0.001,,,,,,
,-0.015,,0.041,-0.06,0.019,,,,,,
,-0.02,,0.06,-0.091,0.03,,,,,,
,-0.016,,0.046,-0.069,0.022,,,,,,
,-0.014,,0.005,0.012,-0.016,,,,,,
,-0.011,,-0.002,0.021,-0.019,,,,,,
,-0.009,,-0.012,0.041,-0.027,,,,,,
,-0.008,,0.016,-0.019,0.002,,,,,,
,-0.004,,0.064,-0.121,0.057,,,,,,
,-0.005,,0.032,-0.056,0.023,,,,,,
,0.0,,0.006,-0.012,0.005,,,,,,
,0.0,,-0.006,0.013,-0.006,,,,,,
,0.004,,-0.024,0.04,-0.016,,,,,,
,0.004,,-0.019,0.031,-0.012,,,,,,
,0.006,,0.005,-0.023,0.016,,,,,,
,0.01,,0.012,-0.041,0.028,,,,,,
,0.009,,0.0,-0.014,0.015,,,,,,
,0.014,,-0.009,-0.004,0.012,,,,,,
,0.015,,-0.018,0.013,0.003,,,,,,
,0.015,,0.004,-0.033,0.027,,,,,,
,0.018,,0.007,-0.043,0.035,,,,,,
,0.02,,0.002,-0.037,0.033,,,,,,
,0.019,,0.001,-0.032,0.03,,,,,,
,0.024,,-0.003,-0.03,0.033,,,,,,
,0.029,,0.002,-0.049,0.046,,,,,,
,0.046,,-0.014,-0.042,0.055,,,,,,
,0.057,,-0.025,-0.036,0.06,,,,,,
,0.053,,-0.021,-0.039,0.059,,,,,,
,0.056,,-0.024,-0.036,0.06,,,,,,
,0.053,,-0.02,-0.04,0.059,,,,,,
,0.061,,,,,0.07,0.268,0.258,,,
,0.094,,,,,0.069,0.291,0.284,,,
,0.095,,,,,0.07,0.307,0.301,,,
,0.095,,,,,0.069,0.329,0.315,,,
,0.103,,,,,0.07,0.337,0.343,,,
,0.116,,,,,0.069,0.356,0.377,,,
,0.121,,,,,0.07,0.366,0.4,,,
,0.14,,,,,0.069,0.38,0.412,,,
,0.16,,,,,0.07,0.389,0.43,,,
,0.159,,,,,0.069,0.395,0.443,,,
,0.16,,,,,0.07,0.417,0.448,,,
,0.162,,,,,0.069,0.415,0.458,,,
,0.166,,,,,0.07,0.413,0.459,,,
,0.163,,,,,0.069,0.409,0.463,,,
,0.17,,,,,0.07,0.408,0.465,,,
,0.17,,,,,0.069,0.404,0.456,,,
,0.164,,,,,0.07,0.406,0.438,,,
,0.159,,,,,0.07,0.382,0.423,,,
,0.153,,,,,0.069,0.357,0.405,,,
,0.137,,,,,0.07,0.332,0.371,,,
,0.118,,,,,0.069,0.299,0.324,,,
,0.099,,,,,0.07,0.27,0.277,,,
,0.081,,,,,0.069,0.237,0.233,,,
,0.061,,,,,0.07,0.203,0.186,,,
,0.046,,,,,0.069,0.172,0.15,,,
,0.029,,,,,0.07,0.139,0.121,,,
,0.017,,,,,0.068,0.119,0.094,,,
,0.008,,,,,0.075,0.101,0.074,,,
,0.004,,,,,0.082,0.081,0.052,,,
,-0.001,,,,,0.078,0.068,0.031,,,
,-0.006,,,,,0.08,0.06,0.01,,,
,-0.012,,,,,0.074,0.051,-0.005,,,
,-0.018,,,,,0.075,0.045,-0.022,,,
,-0.028,,,,,0.071,0.041,-0.037,,,
,-0.037,,,,,0.069,0.039,-0.041,,,
,-0.044,,,,,0.07,0.036,-0.039,,,
,-0.045,,,,,0.067,0.034,-0.04,,,
,-0.044,,,,,0.064,0.03,-0.039,,,
,-0.045,,,,,0.064,0.029,-0.041,,,
,-0.044,,,,,0.059,0.028,-0.038,,,
,-0.045,,,,,0.06,0.024,-0.057,,,
,-0.044,,,,,0.059,0.022,-0.066,,,
,-0.045,,,,,0.055,0.019,-0.064,,,
,-0.044,,,,,0.054,0.02,-0.065,,,
,-0.045,,,,,0.055,0.014,-0.064,,,
,-0.044,,,,,0.054,0.015,-0.065,,,
,-0.045,,,,,0.055,0.011,-0.064,,,
,-0.044,,,,,0.054,0.01,-0.065,,,
,-0.045,,,,,0.055,0.006,-0.064,,,
,-0.044,,,,,0.054,0.004,-0.065,,,
,-0.045,,,,,0.055,0.004,-0.064,,,
,-0.044,,,,,0.054,0.0,-0.065,,,
,-0.045,,,,,0.055,0.0,-0.064,,,
,-0.044,,,,,0.054,-0.003,-0.065,,,
,-0.045,,,,,0.055,-0.005,-0.063,,,
,-0.044,,,,,0.053,-0.003,-0.059,,,
,-0.045,,,,,0.05,0.0,-0.06,,,
,-0.044,,,,,0.049,0.0,-0.059,,,
,-0.045,,,,,0.049,0.0,-0.06,,,
,-0.045,,,,,0.049,0.0,-0.059,,,
,-0.044,,,,,0.045,0.0,-0.06,,,
,-0.045,,,,,0.044,0.0,-0.059,,,
,-0.043,,,,,0.045,0.001,-0.06,,,
,-0.039,,,,,0.045,0.005,-0.059,,,
,-0.04,,,,,0.043,0.004,-0.06,,,
,-0.038,,,,,0.039,0.005,-0.059,,,
,-0.035,,,,,0.04,0.004,-0.06,,,
,-0.034,,,,,0.039,0.005,-0.06,,,
,-0.035,,,,,0.039,0.005,-0.056,,,
,-0.033,,,,,0.041,0.003,-0.054,,,
,-0.029,,,,,0.045,0.0,-0.051,,,
,-0.03,,,,,0.044,-0.001,-0.049,,,
,-0.028,,,,,0.047,-0.006,-0.048,,,
,-0.024,,,,,0.05,0.0,-0.044,,,
,-0.025,,,,,0.049,0.004,-0.044,,,
,-0.024,,,,,0.05,0.01,-0.038,,,
,-0.028,,,,,0.055,0.015,-0.041,,,
,-0.03,,,,,0.055,0.024,-0.034,,,
,-0.029,,,,,0.061,0.038,-0.033,,,
,-0.03,,,,,0.057,0.043,-0.025,,,
,-0.029,,,,,0.054,0.038,-0.026,,,
,-0.03,,,,,0.049,0.041,-0.021,,,
,-0.029,,,,,0.046,0.037,-0.019,,,
,-0.033,,,,,0.037,0.035,-0.012,,,
,-0.035,,,,,0.027,0.033,-0.012,,,
,-0.034,,,,,0.016,0.036,-0.005,,,
,-0.035,,,,,0.005,0.026,0.008,,,
,-0.034,,,,,0.035,0.076,0.033,,,
,-0.035,,,,,0.051,0.059,0.0,,,
,-0.034,,,,,0.027,-0.005,-0.053,,,
,-0.043,,,,,0.018,-0.01,-0.047,,,
,-0.045,,,,,-0.005,-0.034,-0.051,,,
,-0.044,,,,,0.033,0.021,-0.048,,,
,-0.045,,,,,0.047,0.043,-0.051,,,
,-0.044,,,,,0.021,0.016,-0.048,,,
,-0.045,,,,,0.004,0.0,-0.052,,,
,-0.044,,,,,-0.016,-0.022,-0.078,,,
,-0.055,,,,,-0.015,-0.038,-0.082,,,
,-0.064,,,,,-0.014,-0.059,-0.078,,,
,-0.071,,,,,-0.01,-0.061,-0.076,,,
,-0.078,,,,,-0.008,-0.059,-0.076,,,
,-0.087,,,,,-0.005,-0.06,-0.108,,,
,-0.083,,,,,-0.003,-0.059,-0.111,,,
,-0.086,,,,,0.0,-0.06,-0.109,,,
,-0.082,,,,,0.002,-0.059,-0.109,,,
,-0.079,,,,,0.004,-0.059,-0.11,,,
,-0.08,,,,,0.008,-0.054,-0.106,,,
,-0.08,,,,,0.01,-0.055,-0.104,,,
,-0.076,,,,,0.012,-0.054,-0.105,,,
,-0.074,,,,,0.015,-0.055,-0.105,,,
,-0.075,,,,,0.015,-0.054,-0.104,,,
,-0.071,,,,,0.02,-0.055,-0.099,,,
,-0.069,,,,,0.02,-0.052,-0.1,,,
,-0.07,,,,,0.019,-0.05,-0.099,,,
,-0.069,,,,,0.021,-0.047,-0.1,,,
,-0.065,,,,,0.025,-0.045,-0.098,,,
,-0.064,,,,,0.024,-0.042,-0.086,,,
,-0.065,,,,,0.024,-0.039,-0.078,,,
,-0.063,,,,,0.028,-0.039,-0.071,,,
,-0.039,,,,,0.03,-0.028,-0.058,,,
,-0.014,,,,,0.03,-0.016,-0.023,,,
,0.006,,,,,0.029,0.0,0.08,,,
,0.017,,,,,0.011,0.031,0.191,,,
,0.03,,,,,-0.057,0.053,0.281,,,
,0.04,,,,,-0.193,0.004,0.37,,,
,0.068,,,,,-0.354,-0.112,0.419,,,
,0.061,,,,,-0.562,-0.434,0.304,,,
,0.041,,,,,-0.725,-0.883,-0.082,,,
,0.028,,,,,-0.838,-1.31,-0.471,,,
,0.015,,,,,-0.957,-1.57,-0.735,,,
,0.001,,,,,-0.999,-1.707,-1.01,,,
,-0.011,,,,,-0.944,-1.77,-1.254,,,
,-0.024,,,,,-0.85,-1.68,-1.347,,,
,-0.038,,,,,-0.732,-1.416,-1.174,,,
,-0.042,,,,,-0.59,-1.126,-0.958,,,
,-0.039,,,,,-0.431,-0.842,-0.736,,,
,-0.037,,,,,-0.352,-0.646,-0.586,,,
,-0.034,,,,,-0.27,-0.486,-0.458,,,
,-0.035,,,,,-0.17,-0.33,-0.304,,,
,-0.029,,,,,-0.056,-0.134,-0.172,,,
,-0.03,,,,,0.032,-0.001,-0.062,,,
,-0.026,,,,,0.027,0.019,-0.037,,,
,-0.024,,,,,0.056,0.055,-0.023,,,
,-0.021,,,,,0.082,0.064,-0.006,,,
,-0.019,,,,,0.077,0.059,0.005,,,
,-0.019,,,,,0.082,0.095,0.026,,,
,-0.014,,,,,0.076,0.1,0.041,,,
,-0.015,,,,,0.089,0.112,0.063,,,
,-0.011,,,,,0.102,0.125,0.073,,,
,-0.009,,,,,0.099,0.125,0.076,,,
,-0.01,,,,,0.099,0.124,0.073,,,
,-0.009,,,,,0.094,0.125,0.076,,,
,-0.01,,,,,0.095,0.124,0.073,,,
,-0.009,,,,,0.091,0.125,0.076,,,
,-0.01,,,,,0.089,0.124,0.073,,,
,-0.005,,,,,0.09,0.125,0.08,,,
,-0.004,,,,,0.086,0.124,0.079,,,
,-0.005,,,,,0.084,0.131,0.08,,,
,-0.004,,,,,0.084,0.138,0.079,,,
,-0.005,,,,,0.079,0.14,0.081,,,
,-0.004,,,,,0.079,0.14,0.078,,,
,-0.005,,,,,0.08,0.145,0.08,,,
,0.0,,,,,0.075,0.144,0.083,,,
,0.0,,,,,0.075,0.146,0.089,,,
,0.001,,,,,0.074,0.149,0.091,,,
,0.005,,,,,0.075,0.15,0.097,,,
,0.004,,,,,0.074,0.149,0.099,,,
,0.007,,,,,0.075,0.171,0.121,,,
,0.01,,,,,0.074,0.184,0.134,,,
,0.009,,,,,0.075,0.184,0.14,,,
,0.01,,,,,0.074,0.185,0.138,,,
,0.018,,,,,0.075,0.184,0.146,,,
,0.025,,,,,0.074,0.198,0.156,,,
,0.033,,,,,0.076,0.212,0.171,,,
,0.036,,,,,0.073,0.208,0.179,,,
,0.045,,,,,0.078,0.212,0.194,,,
,0.049,,,,,0.087,0.232,0.217,,,
,0.058,,,,,0.084,0.264,0.237,,,
,0.074,,,,,0.085,0.289,0.258,,,
,0.081,,,,,0.084,0.301,0.278,,,
,0.086,,,,,0.084,0.317,0.293,,,
,0.092,,,,,0.085,0.326,0.305,,,
,0.105,,,,,0.084,0.327,0.319,,,
,0.113,,,,,0.085,0.341,0.36,,,
,0.116,,,,,0.084,0.365,0.383,,,
,0.129,,,,,0.085,0.392,0.408,,,
,0.138,,,,,0.084,0.404,0.417,,,
,0.147,,,,,0.085,0.409,0.433,,,
,0.159,,,,,0.084,0.417,0.45,,,
,0.154,,,,,0.085,0.424,0.467,,,
,0.151,,,,,0.084,0.414,0.474,,,
,0.149,,,,,0.085,0.413,0.475,,,
,0.146,,,,,0.084,0.407,0.474,,,
,0.143,,,,,0.085,0.402,0.476,,,
,0.14,,,,,0.084,0.396,0.468,,,
,0.138,,,,,0.085,0.393,0.449,,,
,0.135,,,,,0.084,0.372,0.434,,,
,0.132,,,,,0.085,0.358,0.406,,,
,0.117,,,,,0.086,0.342,0.374,,,
,0.1,,,,,0.107,0.313,0.33,,,
,0.086,,,,,0.092,0.229,0.238,,,
,0.073,,,,,0.087,0.211,0.188,,,
,0.057,,,,,0.068,0.185,0.157,,,
,0.042,,,,,0.083,0.174,0.154,,,
,0.025,,,,,0.086,0.13,0.116,,,
,0.01,,,,,0.095,0.069,0.05,,,
,0.001,,,,,0.081,0.059,0.039,,,
,-0.006,,,,,0.116,0.105,0.083,,,
,-0.013,,,,,0.106,0.096,0.059,,,
,-0.021,,,,,0.03,0.004,-0.035,,,
,-0.026,,,,,0.057,0.014,-0.019,,,
,-0.032,,,,,0.045,0.003,-0.029,,,
,-0.037,,,,,0.053,0.007,-0.021,,,
,-0.048,,,,,0.046,0.002,-0.027,,,
,-0.044,,,,,0.052,0.001,-0.022,,,
,-0.045,,,,,0.047,-0.001,-0.028,,,
,-0.044,,,,,0.051,-0.001,-0.041,,,
,-0.045,,,,,0.048,-0.006,-0.046,,,
,-0.041,,,,,0.051,-0.006,-0.043,,,
,-0.039,,,,,0.048,-0.011,-0.045,,,
,-0.039,,,,,0.051,-0.009,-0.044,,,
,-0.04,,,,,0.048,-0.016,-0.045,,,
,-0.038,,,,,0.051,-0.013,-0.044,,,
,-0.034,,,,,0.049,-0.013,-0.045,,,
,-0.035,,,,,0.056,-0.005,-0.044,,,
,-0.035,,,,,0.053,-0.006,-0.045,,,
,-0.034,,,,,0.055,0.0,-0.044,,,
,-0.036,,,,,0.054,0.0,-0.045,,,
,-0.04,,,,,0.055,0.004,-0.044,,,
,-0.039,,,,,0.054,0.004,-0.045,,,
,-0.04,,,,,0.055,0.009,-0.048,,,
,-0.039,,,,,0.054,0.009,-0.05,,,
,-0.04,,,,,0.055,0.005,-0.049,,,
,-0.039,,,,,0.054,0.004,-0.049,,,
,-0.04,,,,,0.055,0.005,-0.051,,,
,-0.039,,,,,0.05,0.0,-0.055,,,
,-0.04,,,,,0.05,0.0,-0.054,,,
,-0.039,,,,,0.049,0.0,-0.055,,,
,-0.04,,,,,0.05,0.0,-0.055,,,
,-0.039,,,,,0.049,-0.005,-0.06,,,
,-0.04,,,,,0.05,-0.004,-0.059,,,
,-0.036,,,,,0.049,-0.005,-0.06,,,
,-0.034,,,,,0.046,-0.008,-0.059,,,
,-0.035,,,,,0.044,-0.01,-0.059,,,
,-0.034,,,,,0.045,-0.009,-0.054,,,
,-0.035,,,,,0.044,-0.009,-0.055,,,
,-0.034,,,,,0.045,-0.004,-0.052,,,
,-0.03,,,,,0.044,-0.005,-0.049,,,
,-0.029,,,,,0.046,-0.004,-0.05,,,
,-0.03,,,,,0.049,-0.005,-0.047,,,
,-0.029,,,,,0.051,-0.003,-0.044,,,
,-0.03,,,,,0.054,-0.005,-0.045,,,
,-0.027,,,,,0.055,0.002,-0.043,,,
,-0.025,,,,,0.065,0.007,-0.036,,,
,-0.022,,,,,0.083,0.013,-0.032,,,
,-0.019,,,,,0.073,0.017,-0.028,,,
,-0.017,,,,,0.068,0.025,-0.022,,,
,-0.014,,,,,0.058,0.026,-0.017,,,
,-0.012,,,,,0.062,0.044,-0.014,,,
,-0.009,,,,,0.076,0.065,-0.022,,,
,-0.006,,,,,0.075,0.051,-0.021,,,
,-0.004,,,,,0.071,0.03,-0.013,,,
,-0.001,,,,,0.069,0.056,-0.011,,,
,0.001,,,,,0.066,0.088,-0.001,,,
,0.004,,,,,0.059,0.067,-0.023,,,
,0.005,,,,,0.056,0.061,0.0,,,
,0.001,,,,,0.051,0.045,0.022,,,
,-0.005,,,,,0.045,0.035,0.001,,,
,-0.013,,,,,0.042,0.015,-0.012,,,
,-0.016,,,,,0.037,0.002,-0.027,,,
,-0.025,,,,,0.034,-0.011,-0.049,,,
,-0.032,,,,,0.035,-0.016,-0.056,,,
,-0.037,,,,,0.033,-0.023,-0.053,,,
,-0.039,,,,,0.029,-0.024,-0.055,,,
,-0.042,,,,,0.03,-0.032,-0.055,,,
,-0.044,,,,,0.03,-0.035,-0.073,,,
,-0.048,,,,,0.027,-0.04,-0.083,,,
,-0.05,,,,,0.023,-0.049,-0.089,,,
,-0.053,,,,,0.026,-0.056,-0.089,,,
,-0.055,,,,,0.022,-0.053,-0.091,,,
,-0.061,,,,,0.019,-0.055,-0.095,,,
,-0.06,,,,,0.02,-0.054,-0.094,,,
,-0.059,,,,,0.019,-0.055,-0.097,,,
,-0.06,,,,,0.023,-0.054,-0.1,,,
,-0.059,,,,,0.025,-0.055,-0.1,,,
,-0.06,,,,,0.024,-0.054,-0.098,,,
,-0.06,,,,,0.025,-0.055,-0.095,,,
,-0.058,,,,,0.024,-0.054,-0.094,,,
,-0.054,,,,,0.025,-0.055,-0.095,,,
,-0.055,,,,,0.024,-0.054,-0.094,,,
,-0.054,,,,,0.025,-0.055,-0.095,,,
,-0.055,,,,,0.024,-0.054,-0.091,,,
,-0.054,,,,,0.025,-0.051,-0.089,,,
,-0.055,,,,,0.024,-0.048,-0.089,,,
,-0.052,,,,,0.024,-0.051,-0.09,,,
,-0.05,,,,,0.025,-0.044,-0.088,,,
,-0.046,,,,,0.025,-0.045,-0.091,,,
,-0.045,,,,,0.02,-0.044,-0.071,,,
,-0.035,,,,,0.018,-0.039,-0.051,,,
,-0.012,,,,,0.016,-0.018,-0.002,,,
,0.005,,,,,0.01,-0.007,0.116,,,
,0.027,,,,,-0.031,0.011,0.202,,,
,0.04,,,,,-0.127,-0.014,0.282,,,
,0.066,,,,,-0.274,-0.058,0.333,,,
,0.077,,,,,-0.473,-0.272,0.307,,,
,0.062,,,,,-0.676,-0.677,0.113,,,
,0.034,,,,,-0.81,-1.145,-0.338,,,
,0.0,,,,,-0.924,-1.462,-0.623,,,
,-0.014,,,,,-1.002,-1.644,-0.839,,,
,-0.019,,,,,-0.941,-1.706,-1.021,,,
,-0.024,,,,,-0.913,-1.714,-1.241,,,
,-0.03,,,,,-0.875,-1.652,-1.349,,,
,-0.028,,,,,-0.715,-1.354,-1.111,,,
,-0.043,,,,,-0.554,-1.06,-0.903,,,
,-0.047,,,,,-0.43,-0.8,-0.7,,,
,-0.042,,,,,-0.317,-0.579,-0.529,,,
,-0.041,,,,,-0.235,-0.41,-0.387,,,
,-0.037,,,,,-0.114,-0.213,-0.222,,,
,-0.035,,,,,-0.014,-0.076,-0.107,,,
,-0.032,,,,,0.042,-0.002,-0.057,,,
,-0.03,,,,,0.067,0.014,-0.039,,,
,-0.026,,,,,0.063,0.034,-0.024,,,
,-0.024,,,,,0.066,0.052,-0.008,,,
,-0.021,,,,,0.067,0.064,0.001,,,
,-0.019,,,,,0.071,0.071,0.013,,,
,-0.016,,,,,0.068,0.078,0.022,,,
,-0.014,,,,,0.073,0.092,0.034,,,
,-0.013,,,,,0.08,0.102,0.038,,,
,-0.009,,,,,0.086,0.104,0.041,,,
,-0.01,,,,,0.084,0.107,0.044,,,
,-0.009,,,,,0.085,0.109,0.047,,,
,-0.01,,,,,0.083,0.115,0.057,,,
,-0.005,,,,,0.09,0.125,0.065,,,
,-0.005,,,,,0.089,0.124,0.065,,,
,-0.004,,,,,0.09,0.125,0.07,,,
,-0.005,,,,,0.089,0.124,0.07,,,
,-0.001,,,,,0.093,0.127,0.075,,,
,0.0,,,,,0.095,0.136,0.073,,,
,0.0,,,,,0.095,0.139,0.078,,,
,0.0,,,,,0.094,0.141,0.079,,,
,0.0,,,,,0.095,0.145,0.081,,,
,0.003,,,,,0.097,0.147,0.087,,,
,0.005,,,,,0.101,0.156,0.095,,,
,0.005,,,,,0.099,0.164,0.096,,,
,0.01,,,,,0.1,0.17,0.104,,,
,0.009,,,,,0.099,0.173,0.115,,,
,0.009,,,,,0.1,0.177,0.122,,,
,0.014,,,,,0.099,0.183,0.131,,,
,0.015,,,,,0.1,0.2,0.138,,,
,0.014,,,,,0.099,0.206,0.143,,,
,0.023,,,,,0.1,0.212,0.156,,,
,0.034,,,,,0.099,0.214,0.162,,,
,0.038,,,,,0.1,0.22,0.17,,,
,0.035,,,,,0.099,0.22,0.174,,,
,0.055,,,,,0.1,0.239,0.196,,,
,0.071,,,,,0.103,0.272,0.22,,,
,0.068,,,,,0.106,0.276,0.23,,,
,0.075,,,,,0.104,0.288,0.247,,,
,0.072,,,,,0.105,0.303,0.268,,,
,0.091,,,,,0.096,0.333,0.301,,,
,0.11,,,,,0.095,0.357,0.321,,,
,0.111,,,,,0.085,0.361,0.331,,,
,0.117,,,,,0.09,0.376,0.363,,,
,0.12,,,,,0.125,0.425,0.415,,,
,0.124,,,,,0.117,0.436,0.422,,,
,0.134,,,,,0.098,0.433,0.418,,,
,0.148,,,,,0.085,0.436,0.42,,,
,0.155,,,,,0.072,0.433,0.42,,,
,0.161,,,,,0.071,0.436,0.437,,,
,0.164,,,,,0.068,0.433,0.449,,,
,0.168,,,,,0.075,0.439,0.465,,,
,0.173,,,,,0.092,0.45,0.472,,,
,0.174,,,,,0.089,0.432,0.452,,,
,0.165,,,,,0.086,0.416,0.436,,,
,0.157,,,,,0.084,0.403,0.422,,,
,0.15,,,,,0.081,0.381,0.39,,,
,0.136,,,,,0.079,0.344,0.35,,,
,0.117,,,,,0.078,0.307,0.305,,,
,0.099,,,,,0.074,0.25,0.238,,,
,0.08,,,,,0.075,0.223,0.207,,,
,0.065,,,,,0.073,0.199,0.186,,,
,0.051,,,,,0.07,0.176,0.155,,,
,0.038,,,,,0.069,0.155,0.115,,,
,0.024,,,,,0.07,0.136,0.084,,,
,0.019,,,,,0.068,0.115,0.05,,,
,0.008,,,,,0.064,0.096,0.029,,,
,0.005,,,,,0.065,0.075,0.019,,,
,0.0,,,,,0.063,0.058,0.006,,,
,-0.009,,,,,0.059,0.051,-0.003,,,
,-0.015,,,,,0.06,0.042,-0.012,,,
,-0.019,,,,,0.059,0.034,-0.015,,,
,-0.026,,,,,0.062,0.027,-0.02,,,
,-0.027,,,,,0.065,0.024,-0.023,,,
,-0.035,,,,,0.064,0.025,-0.029,,,
,-0.039,,,,,0.065,0.024,-0.035,,,
,-0.044,,,,,0.064,0.025,-0.038,,,
,-0.042,,,,,0.065,0.024,-0.042,,,
,-0.039,,,,,0.064,0.025,-0.047,,,
,-0.04,,,,,0.065,0.021,-0.05,,,
,-0.039,,,,,0.064,0.019,-0.049,,,
,-0.04,,,,,0.065,0.02,-0.049,,,
,-0.039,,,,,0.064,0.019,-0.05,,,
,-0.04,,,,,0.065,0.019,-0.049,,,
,-0.036,,,,,0.064,0.02,-0.05,,,
,-0.034,,,,,0.065,0.019,-0.049,,,
,-0.035,,,,,0.06,0.016,-0.05,,,
,-0.034,,,,,0.06,0.014,-0.049,,,
,-0.035,,,,,0.059,0.015,-0.05,,,
,-0.034,,,,,0.06,0.014,-0.049,,,
,-0.035,,,,,0.059,0.015,-0.05,,,
,-0.038,,,,,0.06,0.014,-0.049,,,
,-0.04,,,,,0.059,0.015,-0.053,,,
,-0.039,,,,,0.06,0.014,-0.055,,,
,-0.04,,,,,0.059,0.015,-0.054,,,
,-0.039,,,,,0.06,0.014,-0.055,,,
,-0.04,,,,,0.059,0.015,-0.054,,,
,-0.039,,,,,0.06,0.014,-0.055,,,
,-0.044,,,,,0.058,0.015,-0.054,,,
,-0.045,,,,,0.062,0.014,-0.055,,,
,-0.045,,,,,0.076,0.01,-0.054,,,
,-0.044,,,,,0.075,0.005,-0.07,,,
,-0.044,,,,,0.072,0.005,-0.071,,,
,-0.045,,,,,0.069,0.0,-0.068,,,
,-0.044,,,,,0.069,-0.003,-0.071,,,
,-0.04,,,,,0.065,-0.005,-0.067,,,
,-0.038,,,,,0.063,0.0,-0.065,,,
,-0.035,,,,,0.06,0.002,-0.064,,,
,-0.033,,,,,0.059,0.007,-0.065,,,
,-0.03,,,,,0.063,0.009,-0.061,,,
,-0.028,,,,,0.065,0.003,-0.059,,,
,-0.024,,,,,0.068,-0.006,-0.059,,,
,-0.022,,,,,0.07,-0.004,-0.06,,,
,-0.018,,,,,0.074,0.012,-0.053,,,
,-0.017,,,,,0.075,0.028,-0.046,,,
,-0.013,,,,,0.073,0.042,-0.042,,,
,-0.012,,,,,0.065,0.056,-0.036,,,
,-0.008,,,,,0.062,0.055,-0.032,,,
,-0.013,,,,,0.058,0.05,-0.025,,,
,-0.013,,,,,0.051,0.049,-0.024,,,
,-0.017,,,,,0.047,0.045,-0.025,,,
,-0.019,,,,,0.044,0.043,-0.024,,,
,-0.023,,,,,0.039,0.039,-0.025,,,
,-0.024,,,,,0.04,0.039,-0.024,,,
,-0.028,,,,,0.039,0.033,-0.025,,,
,-0.029,,,,,0.04,0.03,-0.024,,,
,-0.033,,,,,0.035,0.028,-0.025,,,
,-0.034,,,,,0.035,0.025,-0.024,,,
,-0.039,,,,,0.034,0.023,-0.025,,,
,-0.04,,,,,0.035,0.02,-0.023,,,
,-0.045,,,,,0.032,0.018,-0.029,,,
,-0.044,,,,,0.029,0.009,-0.04,,,
,-0.045,,,,,0.03,0.001,-0.048,,,
,-0.044,,,,,0.029,-0.004,-0.054,,,
,-0.045,,,,,0.03,-0.008,-0.058,,,
,-0.043,,,,,0.028,-0.01,-0.069,,,
,-0.058,,,,,0.024,-0.013,-0.08,,,
,-0.065,,,,,0.025,-0.015,-0.085,,,
,-0.075,,,,,0.024,-0.018,-0.09,,,
,-0.077,,,,,0.025,-0.021,-0.086,,,
,-0.074,,,,,0.024,-0.024,-0.084,,,
,-0.075,,,,,0.025,-0.026,-0.081,,,
,-0.074,,,,,0.024,-0.029,-0.079,,,
,-0.075,,,,,0.025,-0.031,-0.078,,,
,-0.074,,,,,0.024,-0.035,-0.075,,,
,-0.075,,,,,0.026,-0.032,-0.073,,,
,-0.074,,,,,0.023,-0.028,-0.069,,,
,-0.075,,,,,0.026,-0.024,-0.07,,,
,-0.074,,,,,0.022,-0.02,-0.065,,,
,-0.075,,,,,0.031,-0.017,-0.065,,,
,-0.074,,,,,0.046,-0.012,-0.061,,,
,-0.075,,,,,0.045,-0.012,-0.05,,,
,-0.075,,,,,0.042,-0.058,-0.098,,,
,-0.07,,,,,0.039,-0.072,-0.114,,,
,-0.066,,,,,0.042,-0.068,-0.107,,,
,-0.062,,,,,0.046,-0.071,-0.107,,,
,-0.057,,,,,0.043,-0.067,-0.1,,,
,-0.038,,,,,0.047,-0.037,-0.05,,,
,-0.018,,,,,0.041,-0.003,0.022,,,
,0.001,,,,,0.05,0.047,0.105,,,
,0.021,,,,,0.018,0.08,0.205,,,
,0.04,,,,,-0.094,0.005,0.227,,,
,0.055,,,,,-0.224,-0.07,0.275,,,
,0.073,,,,,-0.415,-0.246,0.249,,,
,0.077,,,,,-0.599,-0.567,0.093,,,
,0.074,,,,,-0.698,-0.963,-0.262,,,
,0.075,,,,,-0.784,-1.31,-0.568,,,
,0.074,,,,,-0.87,-1.547,-0.815,,,
,0.059,,,,,-0.881,-1.686,-1.064,,,
,0.041,,,,,-0.822,-1.73,-1.275,,,
,0.021,,,,,-0.713,-1.581,-1.268,,,
,0.005,,,,,-0.623,-1.297,-1.103,,,
,-0.002,,,,,-0.507,-1.04,-0.924,,,
,-0.011,,,,,-0.396,-0.82,-0.736,,,
,-0.015,,,,,-0.287,-0.608,-0.543,,,
,-0.021,,,,,-0.191,-0.409,-0.38,,,
,-0.03,,,,,-0.099,-0.23,-0.25,,,
,-0.035,,,,,-0.005,-0.075,-0.129,,,
,-0.03,,,,,0.028,0.004,-0.047,,,
,-0.03,,,,,0.035,0.023,-0.019,,,
,-0.028,,,,,0.05,0.038,-0.013,,,
,-0.024,,,,,0.059,0.054,-0.004,,,
,-0.025,,,,,0.065,0.065,0.0,,,
,-0.02,,,,,0.065,0.076,0.009,,,
,-0.019,,,,,0.07,0.083,0.022,,,
,-0.019,,,,,0.07,0.092,0.033,,,
,-0.015,,,,,0.076,0.095,0.046,,,
,-0.014,,,,,0.074,0.1,0.049,,,
,-0.013,,,,,0.071,0.104,0.052,,,
,-0.009,,,,,0.068,0.108,0.054,,,
,-0.01,,,,,0.07,0.112,0.057,,,
,-0.008,,,,,0.069,0.115,0.06,,,
,-0.005,,,,,0.07,0.12,0.06,,,
,-0.004,,,,,0.069,0.119,0.059,,,
,-0.005,,,,,0.07,0.121,0.06,,,
,-0.004,,,,,0.064,0.124,0.058,,,
,-0.005,,,,,0.065,0.125,0.062,,,
,-0.004,,,,,0.064,0.123,0.078,,,
,-0.005,,,,,0.065,0.136,0.086,,,
,-0.004,,,,,0.064,0.137,0.091,,,
,-0.005,,,,,0.065,0.132,0.098,,,
,-0.004,,,,,0.063,0.13,0.093,,,
,-0.005,,,,,0.06,0.157,0.096,,,
,-0.004,,,,,0.059,0.159,0.092,,,
,-0.006,,,,,0.06,0.154,0.115,,,
,-0.002,,,,,0.058,0.147,0.122,,,
,0.0,,,,,0.061,0.147,0.113,,,
,0.003,,,,,0.057,0.17,0.127,,,
,0.004,,,,,0.077,0.185,0.165,,,
,0.012,,,,,0.094,0.205,0.186,,,
,0.022,,,,,0.086,0.204,0.184,,,
,0.029,,,,,0.084,0.204,0.184,,,
,0.038,,,,,0.079,0.205,0.185,,,
,0.044,,,,,0.076,0.197,0.178,,,
,0.047,,,,,0.071,0.209,0.195,,,
,0.055,,,,,0.067,0.244,0.232,,,
,0.063,,,,,0.064,0.244,0.228,,,
,0.075,,,,,0.065,0.25,0.245,,,
,0.097,,,,,0.06,0.279,0.285,,,
,0.103,,,,,0.059,0.279,0.286,,,
,0.112,,,,,0.06,0.295,0.323,,,
,0.115,,,,,0.055,0.305,0.344,,,
,0.12,,,,,0.055,0.323,0.36,,,
,0.123,,,,,0.053,0.341,0.382,,,
,0.128,,,,,0.049,0.351,0.388,,,
,0.139,,,,,0.05,0.363,0.417,,,
,0.15,,,,,0.05,0.365,0.429,,,
,0.157,,,,,0.055,0.37,0.432,,,
,0.165,,,,,0.054,0.374,0.436,,,
,0.161,,,,,0.055,0.371,0.44,,,
,0.157,,,,,0.054,0.362,0.433,,,
,0.154,,,,,0.055,0.354,0.424,,,
,0.153,,,,,0.054,0.349,0.417,,,
,0.147,,,,,0.056,0.333,0.405,,,
,0.145,,,,,0.06,0.31,0.377,,,
,0.139,,,,,0.059,0.29,0.333,,,
,0.118,,,,,0.059,0.267,0.292,,,
,0.098,,,,,0.06,0.247,0.264,,,
,0.078,,,,,0.059,0.224,0.232,,,
,0.058,,,,,0.06,0.204,0.19,,,
,0.04,,,,,0.058,0.181,0.156,,,
,0.025,,,,,0.054,0.151,0.125,,,
,0.008,,,,,0.055,0.116,0.1,,,
,0.0,,,,,0.053,0.099,0.081,,,
,0.0,,,,,0.049,0.089,0.06,,,
,-0.004,,,,,0.049,0.078,0.041,,,
,-0.006,,,,,0.05,0.068,0.024,,,
,-0.009,,,,,0.047,0.054,0.009,,,
,-0.011,,,,,0.044,0.041,-0.007,,,
,-0.014,,,,,0.045,0.028,-0.022,,,
,-0.016,,,,,0.042,0.017,-0.03,,,
,-0.02,,,,,0.039,0.015,-0.029,,,
,-0.022,,,,,0.04,0.014,-0.033,,,
,-0.025,,,,,0.038,0.015,-0.039,,,
,-0.027,,,,,0.053,0.011,-0.04,,,
,-0.037,,,,,0.057,0.01,-0.039,,,
,-0.04,,,,,0.053,0.009,-0.04,,,
,-0.045,,,,,0.056,0.01,-0.047,,,
,-0.044,,,,,0.053,0.005,-0.054,,,
,-0.045,,,,,0.056,0.005,-0.054,,,
,-0.044,,,,,0.053,0.003,-0.055,,,
,-0.049,,,,,0.056,0.007,-0.054,,,
,-0.049,,,,,0.051,0.025,-0.055,,,
,-0.05,,,,,0.064,0.043,-0.054,,,
,-0.049,,,,,0.084,0.047,-0.055,,,
,-0.052,,,,,0.076,0.037,-0.06,,,
,-0.055,,,,,0.074,0.031,-0.06,,,
,-0.055,,,,,0.069,0.026,-0.059,,,
,-0.054,,,,,0.065,0.019,-0.06,,,
,-0.055,,,,,0.061,0.01,-0.059,,,
,-0.053,,,,,0.057,0.013,-0.059,,,
,-0.049,,,,,0.054,0.026,-0.06,,,
,-0.05,,,,,0.048,0.032,-0.065,,,
,-0.049,,,,,0.07,0.042,-0.064,,,
,-0.05,,,,,0.081,0.041,-0.065,,,
,-0.049,,,,,0.064,0.032,-0.064,,,
,-0.05,,,,,0.054,0.025,-0.065,,,
,-0.047,,,,,0.041,0.022,-0.064,,,
,-0.044,,,,,0.036,0.013,-0.065,,,
,-0.045,,,,,0.034,0.006,-0.064,,,
,-0.044,,,,,0.035,0.002,-0.065,,,
,-0.045,,,,,0.033,-0.001,-0.064,,,
,-0.044,,,,,0.03,-0.005,-0.064,,,
,-0.045,,,,,0.029,-0.006,-0.065,,,
,-0.041,,,,,0.03,-0.01,-0.064,,,
,-0.039,,,,,0.028,-0.011,-0.067,,,
,-0.036,,,,,0.024,-0.015,-0.069,,,
,-0.034,,,,,0.025,-0.016,-0.064,,,
,-0.031,,,,,0.022,-0.022,-0.061,,,
,-0.028,,,,,0.039,-0.011,-0.056,,,
,-0.025,,,,,0.046,0.001,-0.052,,,
,-0.023,,,,,0.044,0.015,-0.048,,,
,-0.02,,,,,0.044,0.027,-0.044,,,
,-0.018,,,,,0.047,0.034,-0.04,,,
,-0.014,,,,,0.053,0.037,-0.037,,,
,-0.013,,,,,0.045,0.045,-0.032,,,
,-0.009,,,,,0.045,0.053,-0.029,,,
,-0.01,,,,,0.042,0.049,-0.024,,,
,-0.013,,,,,0.038,0.045,-0.02,,,
,-0.016,,,,,0.034,0.042,-0.016,,,
,-0.019,,,,,0.033,0.036,-0.012,,,
,-0.021,,,,,0.028,0.035,-0.009,,,
,-0.024,,,,,0.031,0.032,-0.018,,,
,-0.026,,,,,0.027,0.028,-0.021,,,
,-0.029,,,,,0.025,0.023,-0.026,,,
,-0.032,,,,,0.024,0.02,-0.028,,,
,-0.035,,,,,,,,-0.042,-0.049,0.081
,-0.037,,,,,,,,-0.043,-0.049,0.079
,-0.04,,,,,,,,-0.051,-0.051,0.081
,-0.042,,,,,,,,-0.057,-0.055,0.085
,-0.045,,,,,,,,-0.061,-0.061,0.085
,-0.045,,,,,,,,-0.057,-0.068,0.084
,-0.051,,,,,,,,-0.084,-0.08,0.085
,-0.047,,,,,,,,-0.093,-0.088,0.084
,-0.06,,,,,,,,-0.077,-0.072,0.085
,-0.07,,,,,,,,-0.076,-0.072,0.084
,-0.069,,,,,,,,-0.06,-0.053,0.086
,-0.07,,,,,,,,-0.103,-0.094,0.079
,-0.074,,,,,,,,-0.152,-0.121,0.068
,-0.075,,,,,,,,-0.14,-0.111,0.058
,-0.074,,,,,,,,-0.142,-0.117,0.047
,-0.071,,,,,,,,-0.136,-0.112,0.04
,-0.069,,,,,,,,-0.137,-0.11,0.039
,-0.07,,,,,,,,-0.131,-0.109,0.04
,-0.069,,,,,,,,-0.131,-0.11,0.036
,-0.07,,,,,,,,-0.126,-0.109,0.034
,-0.069,,,,,,,,-0.126,-0.11,0.035
,-0.07,,,,,,,,-0.12,-0.11,0.034
,-0.069,,,,,,,,-0.121,-0.109,0.031
,-0.07,,,,,,,,-0.115,-0.11,0.029
,-0.069,,,,,,,,-0.116,-0.107,0.03
,-0.07,,,,,,,,-0.109,-0.105,0.025
,-0.069,,,,,,,,-0.111,-0.101,0.025
,-0.07,,,,,,,,-0.106,-0.1,0.024
,-0.068,,,,,,,,-0.095,-0.086,0.026
,-0.044,,,,,,,,-0.082,-0.055,0.035
,-0.019,,,,,,,,-0.052,-0.028,0.051
,0.001,,,,,,,,0.029,0.025,0.072
,0.015,,,,,,,,0.147,0.083,0.107
,0.028,,,,,,,,0.292,0.159,0.159
,0.042,,,,,,,,0.426,0.263,0.221
,0.059,,,,,,,,0.579,0.399,0.313
,0.101,,,,,,,,0.633,0.516,0.402
,0.105,,,,,,,,0.439,0.429,0.363
,0.095,,,,,,,,0.057,0.215,0.311
,0.087,,,,,,,,-0.192,0.105,0.279
,0.082,,,,,,,,-0.427,-0.014,0.23
,0.053,,,,,,,,-0.696,-0.164,0.139
,0.021,,,,,,,,-0.919,-0.309,0.087
,0.001,,,,,,,,-0.891,-0.32,0.059
,-0.011,,,,,,,,-0.769,-0.293,0.032
,-0.024,,,,,,,,-0.65,-0.268,0.036
,-0.038,,,,,,,,-0.52,-0.23,0.033
,-0.035,,,,,,,,-0.401,-0.184,0.036
,-0.034,,,,,,,,-0.292,-0.149,0.033
,-0.03,,,,,,,,-0.19,-0.116,0.036
,-0.03,,,,,,,,-0.112,-0.09,0.033
,-0.026,,,,,,,,-0.07,-0.073,0.036
,-0.024,,,,,,,,-0.052,-0.058,0.034
,-0.024,,,,,,,,-0.034,-0.04,0.035
,-0.019,,,,,,,,-0.014,-0.031,0.033
,-0.019,,,,,,,,-0.009,-0.04,0.036
,-0.014,,,,,,,,-0.01,-0.045,0.033
,-0.015,,,,,,,,-0.009,-0.044,0.036
,-0.011,,,,,,,,-0.01,-0.045,0.03
,-0.01,,,,,,,,-0.009,-0.044,0.03
,-0.009,,,,,,,,-0.011,-0.045,0.024
,-0.004,,,,,,,,0.0,-0.044,0.025
,-0.005,,,,,,,,0.029,-0.024,0.027
,-0.004,,,,,,,,0.05,0.008,0.062
,0.0,,,,,,,,0.044,0.02,0.064
,0.0,,,,,,,,0.033,-0.002,0.046
,0.0,,,,,,,,0.022,-0.019,0.035
,0.001,,,,,,,,0.015,-0.043,0.022
,0.005,,,,,,,,0.021,-0.047,0.039
,0.004,,,,,,,,0.018,-0.044,0.051
,0.006,,,,,,,,0.021,-0.041,0.049
,0.009,,,,,,,,0.017,-0.039,0.05
,0.01,,,,,,,,0.026,-0.035,0.049
,0.009,,,,,,,,0.041,-0.034,0.05
,0.011,,,,,,,,0.04,-0.033,0.049
,0.016,,,,,,,,0.039,-0.024,0.05
,0.019,,,,,,,,0.056,-0.016,0.049
,0.021,,,,,,,,0.067,-0.01,0.049
,0.026,,,,,,,,0.063,-0.003,0.05
,0.029,,,,,,,,0.065,0.008,0.049
,0.031,,,,,,,,0.065,0.013,0.05
,0.035,,,,,,,,0.078,0.023,0.049
,0.039,,,,,,,,0.089,0.034,0.051
,0.04,,,,,,,,0.102,0.047,0.054
,0.045,,,,,,,,0.113,0.056,0.056
,0.045,,,,,,,,0.129,0.065,0.06
,0.053,,,,,,,,0.14,0.07,0.061
,0.059,,,,,,,,0.155,0.075,0.067
,0.062,,,,,,,,0.171,0.087,0.07
,0.068,,,,,,,,0.2,0.102,0.081
,0.082,,,,,,,,0.213,0.108,0.093
,0.098,,,,,,,,0.234,0.123,0.103
,0.106,,,,,,,,0.256,0.144,0.112
,0.114,,,,,,,,0.286,0.172,0.125
,0.12,,,,,,,,0.301,0.182,0.129
,0.123,,,,,,,,0.314,0.19,0.138
,0.136,,,,,,,,0.339,0.199,0.148
,0.145,,,,,,,,0.356,0.214,0.15
,0.155,,,,,,,,0.363,0.229,0.152
,0.159,,,,,,,,0.372,0.232,0.155
,0.169,,,,,,,,0.376,0.236,0.15
,0.172,,,,,,,,0.385,0.24,0.147
,0.169,,,,,,,,0.384,0.235,0.142
,0.166,,,,,,,,0.385,0.234,0.139
,0.164,,,,,,,,0.385,0.229,0.134
,0.161,,,,,,,,0.371,0.228,0.131
,0.16,,,,,,,,0.344,0.214,0.126
,0.156,,,,,,,,0.326,0.198,0.123
,0.136,,,,,,,,0.293,0.182,0.118
,0.121,,,,,,,,0.262,0.169,0.102
,0.104,,,,,,,,0.225,0.144,0.083
,0.086,,,,,,,,0.187,0.122,0.064
,0.066,,,,,,,,0.138,0.084,0.047
,0.052,,,,,,,,0.104,0.055,0.032
,0.035,,,,,,,,0.079,0.043,0.015
,0.021,,,,,,,,0.062,0.03,0.0
,0.011,,,,,,,,0.039,0.016,-0.014
,0.0,,,,,,,,0.024,0.009,-0.014
,-0.009,,,,,,,,0.008,0.0,-0.015
,-0.014,,,,,,,,0.0,-0.005,-0.015
,-0.019,,,,,,,,-0.017,-0.017,-0.023
,-0.02,,,,,,,,-0.016,-0.043,-0.015
,-0.023,,,,,,,,-0.035,-0.074,-0.036
,-0.028,,,,,,,,-0.077,-0.082,-0.07
,-0.03,,,,,,,,-0.073,-0.078,-0.062
,-0.033,,,,,,,,-0.076,-0.08,-0.066
,-0.035,,,,,,,,-0.074,-0.079,-0.064
,-0.034,,,,,,,,-0.075,-0.08,-0.064
,-0.035,,,,,,,,-0.074,-0.079,-0.058
,-0.034,,,,,,,,-0.075,-0.08,-0.06
,-0.035,,,,,,,,-0.074,-0.075,-0.059
,-0.034,,,,,,,,-0.075,-0.074,-0.06
,-0.039,,,,,,,,-0.074,-0.075,-0.055
,-0.039,,,,,,,,-0.075,-0.075,-0.055
,-0.04,,,,,,,,-0.074,-0.074,-0.054
,-0.039,,,,,,,,-0.074,-0.074,-0.055
,-0.04,,,,,,,,-0.074,-0.074,-0.054
,-0.039,,,,,,,,-0.079,-0.079,-0.05
,-0.04,,,,,,,,-0.08,-0.08,-0.049
,-0.045,,,,,,,,-0.079,-0.079,-0.05
,-0.045,,,,,,,,-0.08,-0.08,-0.049
,-0.044,,,,,,,,-0.079,-0.079,-0.05
,-0.045,,,,,,,,-0.08,-0.08,-0.049
,-0.044,,,,,,,,-0.079,-0.079,-0.05
,-0.045,,,,,,,,-0.08,-0.08,-0.049
,-0.044,,,,,,,,-0.079,-0.079,-0.05
,-0.045,,,,,,,,-0.08,-0.08,-0.049
,-0.044,,,,,,,,-0.079,-0.079,-0.05
,-0.045,,,,,,,,-0.08,-0.079,-0.049
,-0.044,,,,,,,,-0.079,-0.08,-0.05
,-0.044,,,,,,,,-0.079,-0.079,-0.048
,-0.045,,,,,,,,-0.074,-0.074,-0.045
,-0.043,,,,,,,,-0.075,-0.075,-0.044
,-0.039,,,,,,,,-0.074,-0.074,-0.045
,-0.038,,,,,,,,-0.075,-0.075,-0.044
,-0.034,,,,,,,,-0.07,-0.07,-0.045
,-0.035,,,,,,,,-0.07,-0.07,-0.044
,-0.029,,,,,,,,-0.069,-0.069,-0.045
,-0.03,,,,,,,,-0.07,-0.07,-0.044
,-0.027,,,,,,,,-0.067,-0.068,-0.045
,-0.025,,,,,,,,-0.064,-0.064,-0.044
,-0.021,,,,,,,,-0.065,-0.065,-0.045
,-0.02,,,,,,,,-0.064,-0.064,-0.044
,-0.019,,,,,,,,-0.065,-0.065,-0.045
,-0.015,,,,,,,,-0.063,-0.062,-0.043
,-0.014,,,,,,,,-0.058,-0.054,-0.038
,-0.018,,,,,,,,-0.055,-0.047,-0.034
,-0.02,,,,,,,,-0.049,-0.038,-0.033
,-0.023,,,,,,,,-0.05,-0.031,-0.028
,-0.025,,,,,,,,-0.044,-0.027,-0.025
,-0.028,,,,,,,,-0.041,-0.024,-0.023
,-0.03,,,,,,,,-0.036,-0.023,-0.02
,-0.033,,,,,,,,-0.035,-0.016,-0.014
,-0.036,,,,,,,,-0.027,-0.015,-0.014
,-0.039,,,,,,,,-0.01,-0.008,-0.009
,-0.041,,,,,,,,0.004,0.01,-0.009
,-0.044,,,,,,,,0.019,0.025,0.021
,-0.046,,,,,,,,-0.013,0.015,-0.015
,-0.05,,,,,,,,-0.063,-0.004,-0.062
,-0.049,,,,,,,,-0.065,-0.017,-0.059
,-0.054,,,,,,,,-0.065,-0.037,-0.056
,-0.054,,,,,,,,-0.064,-0.053,-0.054
,-0.055,,,,,,,,-0.065,-0.046,-0.051
,-0.054,,,,,,,,-0.061,-0.045,-0.048
,-0.055,,,,,,,,-0.059,-0.042,-0.045
,-0.054,,,,,,,,-0.06,-0.039,-0.044
,-0.055,,,,,,,,-0.059,-0.033,-0.038
,-0.054,,,,,,,,-0.065,-0.04,-0.045
,-0.055,,,,,,,,-0.108,-0.07,-0.08
,-0.053,,,,,,,,-0.111,-0.09,-0.08
,-0.067,,,,,,,,-0.109,-0.098,-0.08
,-0.07,,,,,,,,-0.11,-0.095,-0.079
,-0.069,,,,,,,,-0.109,-0.093,-0.08
,-0.07,,,,,,,,-0.109,-0.09,-0.079
,-0.069,,,,,,,,-0.11,-0.088,-0.08
,-0.069,,,,,,,,-0.109,-0.084,-0.079
,-0.07,,,,,,,,-0.11,-0.084,-0.08
,-0.069,,,,,,,,-0.109,-0.103,-0.079
,-0.07,,,,,,,,-0.11,-0.113,-0.08
,-0.069,,,,,,,,-0.109,-0.108,-0.079
,-0.07,,,,,,,,-0.11,-0.107,-0.08
,-0.069,,,,,,,,-0.11,-0.103,-0.079
,-0.076,,,,,,,,-0.108,-0.101,-0.078
,-0.076,,,,,,,,-0.104,-0.099,-0.073
,-0.069,,,,,,,,-0.1,-0.098,-0.07
,-0.065,,,,,,,,-0.096,-0.089,-0.068
,-0.058,,,,,,,,-0.087,-0.082,-0.065
,-0.045,,,,,,,,-0.066,-0.074,-0.059
,-0.022,,,,,,,,-0.045,-0.056,-0.06
,-0.004,,,,,,,,-0.029,-0.02,-0.038
,0.016,,,,,,,,0.047,0.007,-0.016
,0.027,,,,,,,,0.178,0.094,0.021
,0.041,,,,,,,,0.32,0.193,0.087
,0.05,,,,,,,,0.459,0.289,0.136
,0.07,,,,,,,,0.582,0.393,0.217
,0.102,,,,,,,,0.602,0.483,0.277
,0.089,,,,,,,,0.357,0.364,0.23
,0.072,,,,,,,,-0.043,0.172,0.184
,0.057,,,,,,,,-0.276,0.077,0.153
,0.039,,,,,,,,-0.515,-0.049,0.104
,0.018,,,,,,,,-0.758,-0.199,0.028
,-0.001,,,,,,,,-0.931,-0.306,0.0
,-0.021,,,,,,,,-0.851,-0.281,-0.017
,-0.04,,,,,,,,-0.721,-0.239,-0.043
,-0.041,,,,,,,,-0.589,-0.202,-0.053
,-0.038,,,,,,,,-0.471,-0.173,-0.049
,-0.035,,,,,,,,-0.366,-0.153,-0.05
,-0.033,,,,,,,,-0.249,-0.091,-0.049
,-0.03,,,,,,,,-0.145,-0.051,-0.05
,-0.027,,,,,,,,-0.084,-0.05,-0.049
,-0.025,,,,,,,,-0.064,-0.042,-0.05
,-0.022,,,,,,,,-0.047,-0.038,-0.049
,-0.019,,,,,,,,-0.026,-0.031,-0.05
,-0.016,,,,,,,,-0.022,-0.027,-0.049
,-0.014,,,,,,,,-0.007,-0.02,-0.05
,-0.011,,,,,,,,0.011,-0.006,-0.049
,-0.009,,,,,,,,0.024,0.006,-0.044
,-0.01,,,,,,,,0.047,0.021,-0.045
,-0.009,,,,,,,,0.06,0.022,-0.043
,-0.01,,,,,,,,0.038,0.011,-0.051
,-0.009,,,,,,,,0.027,0.006,-0.057
,-0.01,,,,,,,,0.006,-0.004,-0.053
,-0.009,,,,,,,,0.039,0.018,-0.056
,-0.01,,,,,,,,0.066,0.028,-0.051
,-0.009,,,,,,,,0.063,0.016,-0.05
,-0.01,,,,,,,,0.065,0.011,-0.049
,-0.009,,,,,,,,0.064,0.006,-0.05
,-0.01,,,,,,,,0.067,0.0,-0.045
,-0.009,,,,,,,,0.07,-0.008,-0.045
,-0.01,,,,,,,,0.07,-0.008,-0.044
,-0.009,,,,,,,,0.069,-0.003,-0.041
,-0.007,,,,,,,,0.069,0.0,-0.039
,-0.002,,,,,,,,0.074,0.001,-0.04
,0.0,,,,,,,,0.075,0.004,-0.039
,0.005,,,,,,,,0.074,0.007,-0.033
,0.005,,,,,,,,0.075,0.01,-0.028
,0.01,,,,,,,,0.075,0.012,-0.025
,0.013,,,,,,,,0.08,0.015,-0.019
,0.019,,,,,,,,0.088,0.018,-0.014
,0.019,,,,,,,,0.091,0.027,-0.01
,0.024,,,,,,,,0.096,0.034,-0.006
,0.024,,,,,,,,0.108,0.043,-0.002
,0.029,,,,,,,,0.116,0.049,0.001
,0.03,,,,,,,,0.123,0.053,0.005
,0.037,,,,,,,,0.13,0.062,0.009
,0.043,,,,,,,,0.151,0.065,0.014
,0.05,,,,,,,,0.162,0.072,0.017
,0.061,,,,,,,,0.182,0.091,0.026
,0.068,,,,,,,,0.207,0.12,0.033
,0.077,,,,,,,,0.221,0.131,0.042
,0.088,,,,,,,,0.239,0.132,0.049
,0.101,,,,,,,,0.264,0.14,0.058
,0.111,,,,,,,,0.284,0.168,0.067
,0.118,,,,,,,,0.306,0.2,0.082
,0.127,,,,,,,,0.322,0.205,0.091
,0.133,,,,,,,,0.337,0.204,0.096
,0.14,,,,,,,,0.347,0.208,0.099
,0.151,,,,,,,,0.361,0.226,0.105
,0.158,,,,,,,,0.367,0.243,0.106
,0.165,,,,,,,,0.381,0.25,0.119
,0.16,,,,,,,,0.405,0.273,0.128
,0.16,,,,,,,,0.398,0.259,0.121
,0.159,,,,,,,,0.383,0.242,0.118
,0.157,,,,,,,,0.374,0.225,0.113
,0.153,,,,,,,,0.358,0.217,0.11
,0.156,,,,,,,,0.34,0.229,0.106
,0.148,,,,,,,,0.323,0.205,0.099
,0.134,,,,,,,,0.298,0.184,0.086
,0.121,,,,,,,,0.252,0.163,0.075
,0.107,,,,,,,,0.206,0.144,0.063
,0.091,,,,,,,,0.174,0.123,0.045
,0.065,,,,,,,,0.143,0.104,0.022
,0.043,,,,,,,,0.099,0.087,0.003
,0.027,,,,,,,,0.07,0.076,-0.019
,0.016,,,,,,,,0.056,0.06,-0.024
,0.0,,,,,,,,0.039,0.048,-0.03
,-0.007,,,,,,,,0.027,0.028,-0.026
,-0.012,,,,,,,,0.013,0.009,-0.049
,-0.014,,,,,,,,-0.003,-0.012,-0.055
,-0.017,,,,,,,,-0.018,-0.023,-0.054
,-0.02,,,,,,,,-0.035,-0.018,-0.054
,-0.022,,,,,,,,-0.04,-0.02,-0.057
,-0.025,,,,,,,,-0.039,-0.019,-0.06
,-0.027,,,,,,,,-0.04,-0.027,-0.059
,-0.033,,,,,,,,-0.039,-0.037,-0.06
,-0.034,,,,,,,,-0.044,-0.036,-0.063
,-0.038,,,,,,,,-0.045,-0.031,-0.065
,-0.04,,,,,,,,-0.045,-0.028,-0.064
,-0.043,,,,,,,,-0.044,-0.022,-0.065
,-0.045,,,,,,,,-0.048,-0.033,-0.064
,-0.048,,,,,,,,-0.061,-0.043,-0.065
,-0.05,,,,,,,,-0.064,-0.037,-0.064
,-0.049,,,,,,,,-0.065,-0.037,-0.065
,-0.05,,,,,,,,-0.064,-0.031,-0.064
,-0.049,,,,,,,,-0.065,-0.044,-0.065
,-0.05,,,,,,,,-0.064,-0.06,-0.064
,-0.049,,,,,,,,-0.068,-0.06,-0.065
,-0.05,,,,,,,,-0.07,-0.059,-0.064
,-0.049,,,,,,,,-0.069,-0.063,-0.065
,-0.05,,,,,,,,-0.069,-0.064,-0.064
,-0.049,,,,,,,,-0.07,-0.066,-0.065
,-0.05,,,,,,,,-0.07,-0.06,-0.064
,-0.049,,,,,,,,-0.065,-0.061,-0.065
,-0.05,,,,,,,,-0.064,-0.073,-0.064
,-0.049,,,,,,,,-0.065,-0.068,-0.065
,-0.05,,,,,,,,-0.064,-0.07,-0.064
,-0.049,,,,,,,,-0.065,-0.069,-0.065
,-0.05,,,,,,,,-0.064,-0.068,-0.064
,-0.049,,,,,,,,-0.065,-0.064,-0.065
,-0.05,,,,,,,,-0.064,-0.065,-0.065
,-0.049,,,,,,,,-0.065,-0.064,-0.064
,-0.05,,,,,,,,-0.064,-0.065,-0.065
,-0.049,,,,,,,,-0.065,-0.06,-0.064
,-0.05,,,,,,,,-0.064,-0.06,-0.065
,-0.049,,,,,,,,-0.064,-0.059,-0.064
,-0.05,,,,,,,,-0.065,-0.06,-0.065
,-0.05,,,,,,,,-0.072,-0.059,-0.064
,-0.048,,,,,,,,-0.08,-0.056,-0.065
,-0.043,,,,,,,,-0.076,-0.051,-0.064
,-0.04,,,,,,,,-0.074,-0.047,-0.065
,-0.035,,,,,,,,-0.071,-0.044,-0.064
,-0.035,,,,,,,,-0.07,-0.043,-0.065
,-0.03,,,,,,,,-0.059,-0.036,-0.064
,-0.027,,,,,,,,-0.051,-0.036,-0.065
,-0.021,,,,,,,,-0.036,-0.027,-0.064
,-0.02,,,,,,,,-0.036,-0.038,-0.065
,-0.016,,,,,,,,-0.064,-0.066,-0.062
,-0.014,,,,,,,,-0.051,-0.051,-0.058
,-0.015,,,,,,,,-0.047,-0.047,-0.054
,-0.014,,,,,,,,-0.035,-0.037,-0.049
,-0.015,,,,,,,,-0.039,-0.035,-0.049
,-0.015,,,,,,,,-0.039,-0.034,-0.05
,-0.01,,,,,,,,-0.04,-0.035,-0.049
,-0.009,,,,,,,,-0.039,-0.034,-0.05
,-0.009,,,,,,,,-0.04,-0.035,-0.049
,-0.01,,,,,,,,-0.04,-0.034,-0.05
,-0.009,,,,,,,,-0.045,-0.035,-0.049
,-0.011,,,,,,,,-0.044,-0.034,-0.05
,-0.016,,,,,,,,-0.045,-0.035,-0.049
,-0.019,,,,,,,,-0.044,-0.034,-0.05
,-0.024,,,,,,,,-0.045,-0.035,-0.049
,-0.024,,,,,,,,-0.046,-0.034,-0.05
,-0.029,,,,,,,,-0.052,-0.035,-0.049
,-0.032,,,,,,,,-0.054,-0.034,-0.05
,-0.037,,,,,,,,-0.06,-0.03,-0.054
,-0.039,,,,,,,,-0.062,-0.025,-0.058
,-0.044,,,,,,,,-0.071,-0.028,-0.062
,-0.057,,,,,,,,-0.085,-0.071,-0.066
,-0.058,,,,,,,,-0.094,-0.089,-0.07
,-0.062,,,,,,,,-0.094,-0.083,-0.074
,-0.064,,,,,,,,-0.097,-0.082,-0.079
,-0.068,,,,,,,,-0.107,-0.079,-0.08
,-0.07,,,,,,,,-0.106,-0.079,-0.079
,-0.069,,,,,,,,-0.103,-0.073,-0.08
,-0.07,,,,,,,,-0.105,-0.075,-0.079
,-0.069,,,,,,,,-0.104,-0.07,-0.08
,-0.069,,,,,,,,-0.106,-0.07,-0.079
,-0.07,,,,,,,,-0.103,-0.064,-0.08
,-0.069,,,,,,,,-0.106,-0.065,-0.079
,-0.07,,,,,,,,-0.103,-0.062,-0.08
,-0.069,,,,,,,,-0.106,-0.059,-0.079
,-0.07,,,,,,,,-0.103,-0.06,-0.08
,-0.069,,,,,,,,-0.106,-0.055,-0.079
,-0.07,,,,,,,,-0.103,-0.054,-0.08
,-0.069,,,,,,,,-0.107,-0.055,-0.079
,-0.065,,,,,,,,-0.101,-0.05,-0.08
,-0.056,,,,,,,,-0.085,-0.049,-0.08
,-0.049,,,,,,,,-0.061,-0.051,-0.077
,-0.04,,,,,,,,-0.047,-0.037,-0.054
,-0.021,,,,,,,,-0.004,0.0,-0.038
,0.0,,,,,,,,0.098,0.055,0.0
,0.018,,,,,,,,0.217,0.129,0.039
,0.038,,,,,,,,0.354,0.236,0.101
,0.05,,,,,,,,0.482,0.333,0.154
,0.075,,,,,,,,0.581,0.418,0.224
,0.073,,,,,,,,0.547,0.412,0.266
,0.044,,,,,,,,0.174,0.268,0.196
,0.028,,,,,,,,-0.152,0.127,0.156
,0.008,,,,,,,,-0.39,0.014,0.121
,-0.009,,,,,,,,-0.61,-0.116,0.058
,-0.023,,,,,,,,-0.818,-0.262,-0.012
,-0.036,,,,,,,,-0.883,-0.308,-0.048
,-0.043,,,,,,,,-0.776,-0.273,-0.051
,-0.039,,,,,,,,-0.641,-0.225,-0.049
,-0.038,,,,,,,,-0.504,-0.19,-0.05
,-0.034,,,,,,,,-0.399,-0.175,-0.05
,-0.035,,,,,,,,-0.281,-0.132,-0.047
,-0.029,,,,,,,,-0.177,-0.067,-0.044
,-0.03,,,,,,,,-0.101,-0.046,-0.045
,-0.027,,,,,,,,-0.07,-0.026,-0.044
,-0.025,,,,,,,,-0.048,-0.004,-0.044
,-0.022,,,,,,,,-0.035,0.002,-0.039
,-0.019,,,,,,,,-0.016,-0.001,-0.04
,-0.019,,,,,,,,-0.006,0.0,-0.039
,-0.014,,,,,,,,-0.004,0.0,-0.04
,-0.015,,,,,,,,-0.001,0.0,-0.038
,-0.012,,,,,,,,0.0,0.0,-0.035
,-0.009,,,,,,,,0.003,0.002,-0.034
,-0.01,,,,,,,,0.005,0.005,-0.035
,-0.009,,,,,,,,0.006,0.005,-0.034
,-0.01,,,,,,,,0.016,0.008,-0.035
,-0.009,,,,,,,,0.019,0.01,-0.035
,-0.01,,,,,,,,0.026,0.009,-0.033
,-0.006,,,,,,,,0.03,0.013,-0.029
,-0.004,,,,,,,,0.036,0.014,-0.03
,-0.005,,,,,,,,0.041,0.015,-0.029
,-0.005,,,,,,,,0.044,0.019,-0.03
,-0.004,,,,,,,,0.046,0.019,-0.029
,-0.005,,,,,,,,0.049,0.02,-0.03
,-0.004,,,,,,,,0.051,0.025,-0.027
,-0.001,,,,,,,,0.055,0.024,-0.024
,0.003,,,,,,,,0.054,0.025,-0.022
,0.005,,,,,,,,0.059,0.024,-0.019
,0.007,,,,,,,,0.062,0.028,-0.019
,0.013,,,,,,,,0.067,0.03,-0.014
,0.015,,,,,,,,0.075,0.03,-0.015
,0.016,,,,,,,,0.088,0.029,-0.011
,0.022,,,,,,,,0.094,0.032,-0.009
,0.024,,,,,,,,0.098,0.044,-0.007
,0.027,,,,,,,,0.102,0.044,-0.004
,0.029,,,,,,,,0.106,0.045,-0.004
,0.031,,,,,,,,0.118,0.044,0.0
,0.037,,,,,,,,0.126,0.055,0.0
,0.04,,,,,,,,0.133,0.064,0.004
,0.044,,,,,,,,0.138,0.071,0.01
,0.049,,,,,,,,0.157,0.077,0.014
,0.06,,,,,,,,0.173,0.079,0.02
,0.071,,,,,,,,0.2,0.101,0.029
,0.074,,,,,,,,0.208,0.12,0.04
,0.085,,,,,,,,0.224,0.124,0.043
,0.101,,,,,,,,0.24,0.137,0.059
,0.106,,,,,,,,0.281,0.193,0.073
,0.117,,,,,,,,0.294,0.205,0.076
,0.122,,,,,,,,0.306,0.205,0.08
,0.133,,,,,,,,0.332,0.209,0.084
,0.138,,,,,,,,0.34,0.211,0.088
,0.154,,,,,,,,0.345,0.228,0.095
,0.165,,,,,,,,0.355,0.229,0.107
,0.167,,,,,,,,0.37,0.233,0.11
,0.17,,,,,,,,0.381,0.234,0.114
,0.169,,,,,,,,0.389,0.25,0.119
,0.169,,,,,,,,0.389,0.248,0.117
,0.17,,,,,,,,0.39,0.241,0.108
,0.169,,,,,,,,0.389,0.237,0.101
,0.17,,,,,,,,0.369,0.228,0.097
,0.167,,,,,,,,0.345,0.209,0.09
,0.149,,,,,,,,0.316,0.188,0.081
,0.131,,,,,,,,0.278,0.169,0.077
,0.111,,,,,,,,0.24,0.144,0.062
,0.096,,,,,,,,0.201,0.116,0.045
,0.079,,,,,,,,0.171,0.089,0.031
,0.063,,,,,,,,0.142,0.069,0.019
,0.049,,,,,,,,0.115,0.051,0.004
,0.038,,,,,,,,0.086,0.031,-0.007
,0.025,,,,,,,,0.059,0.015,-0.022
,0.014,,,,,,,,0.039,0.0,-0.033
,0.001,,,,,,,,0.024,-0.01,-0.043
,-0.004,,,,,,,,0.007,-0.026,-0.05
,-0.005,,,,,,,,-0.004,-0.033,-0.056
,-0.009,,,,,,,,-0.01,-0.037,-0.059
,-0.009,,,,,,,,-0.013,-0.04,-0.061
,-0.013,,,,,,,,-0.018,-0.039,-0.064
,-0.015,,,,,,,,-0.02,-0.041,-0.067
,-0.015,,,,,,,,-0.023,-0.045,-0.069
,-0.02,,,,,,,,-0.027,-0.044,-0.072
,-0.02,,,,,,,,-0.031,-0.045,-0.074
,-0.025,,,,,,,,-0.035,-0.044,-0.077
,-0.024,,,,,,,,-0.035,-0.045,-0.08
,-0.028,,,,,,,,-0.044,-0.044,-0.08
,-0.029,,,,,,,,-0.05,-0.046,-0.085
,-0.03,,,,,,,,-0.053,-0.056,-0.084
,-0.035,,,,,,,,-0.055,-0.073,-0.085
,-0.034,,,,,,,,-0.054,-0.075,-0.085
,-0.035,,,,,,,,-0.054,-0.074,-0.084
,-0.034,,,,,,,,-0.055,-0.069,-0.085
,-0.035,,,,,,,,-0.054,-0.07,-0.084
,-0.034,,,,,,,,-0.06,-0.066,-0.085
,-0.035,,,,,,,,-0.07,-0.064,-0.084
,-0.034,,,,,,,,-0.069,-0.064,-0.085
,-0.035,,,,,,,,-0.07,-0.059,-0.084
,-0.034,,,,,,,,-0.069,-0.059,-0.084
,-0.035,,,,,,,,-0.073,-0.06,-0.085
,-0.034,,,,,,,,-0.075,-0.055,-0.083
,-0.035,,,,,,,,-0.075,-0.055,-0.079
,-0.034,,,,,,,,-0.074,-0.053,-0.08
,-0.035,,,,,,,,-0.076,-0.049,-0.079
,-0.034,,,,,,,,-0.079,-0.049,-0.08
,-0.035,,,,,,,,-0.08,-0.051,-0.079
,-0.034,,,,,,,,-0.079,-0.056,-0.08
,-0.035,,,,,,,,-0.08,-0.059,-0.077
,-0.034,,,,,,,,-0.078,-0.056,-0.074
,-0.035,,,,,,,,-0.075,-0.054,-0.075
,-0.034,,,,,,,,-0.073,-0.053,-0.074
,-0.035,,,,,,,,-0.07,-0.049,-0.075
,-0.034,,,,,,,,-0.067,-0.05,-0.074
,-0.035,,,,,,,,-0.064,-0.045,-0.075
,-0.034,,,,,,,,-0.062,-0.044,-0.072
,-0.035,,,,,,,,-0.059,-0.045,-0.069
,-0.031,,,,,,,,-0.056,-0.041,-0.07
,-0.029,,,,,,,,-0.054,-0.039,-0.069
,-0.029,,,,,,,,-0.051,-0.039,-0.07
,-0.024,,,,,,,,-0.049,-0.034,-0.069
,-0.025,,,,,,,,-0.046,-0.035,-0.07
,-0.021,,,,,,,,-0.044,-0.035,-0.066
,-0.019,,,,,,,,-0.045,-0.04,-0.064
,-0.02,,,,,,,,-0.04,-0.039,-0.064
,-0.016,,,,,,,,-0.04,-0.04,-0.065
,-0.014,,,,,,,,-0.039,-0.039,-0.064
,-0.014,,,,,,,,-0.039,-0.04,-0.065
,-0.009,,,,,,,,-0.034,-0.039,-0.064
,-0.01,,,,,,,,-0.035,-0.04,-0.069
,-0.009,,,,,,,,-0.034,-0.039,-0.07
,-0.016,,,,,,,,-0.03,-0.039,-0.069
,-0.023,,,,,,,,-0.029,-0.04,-0.07
,-0.027,,,,,,,,-0.03,-0.039,-0.07
,-0.033,,,,,,,,-0.03,-0.04,-0.069
,-0.037,,,,,,,,-0.035,-0.039,-0.07
,-0.044,,,,,,,,-0.038,-0.045,-0.069
,-0.044,,,,,,,,-0.043,-0.065,-0.07
,-0.045,,,,,,,,-0.046,-0.064,-0.069
,-0.044,,,,,,,,-0.051,-0.065,-0.07
,-0.045,,,,,,,,-0.054,-0.064,-0.07
,-0.044,,,,,,,,-0.065,-0.067,-0.069
,-0.044,,,,,,,,-0.072,-0.069,-0.07
,-0.046,,,,,,,,-0.078,-0.07,-0.076
,-0.055,,,,,,,,-0.09,-0.069,-0.085
,-0.06,,,,,,,,-0.097,-0.069,-0.082
,-0.064,,,,,,,,-0.105,-0.08,-0.079
,-0.068,,,,,,,,-0.101,-0.086,-0.08
,-0.072,,,,,,,,-0.099,-0.084,-0.079
,-0.075,,,,,,,,-0.1,-0.085,-0.079
,-0.074,,,,,,,,-0.1,-0.084,-0.074
,-0.075,,,,,,,,-0.099,-0.085,-0.075
,-0.074,,,,,,,,-0.1,-0.084,-0.074
,-0.074,,,,,,,,-0.099,-0.085,-0.075
,-0.075,,,,,,,,-0.1,-0.084,-0.07
,-0.074,,,,,,,,-0.099,-0.085,-0.07
,-0.075,,,,,,,,-0.1,-0.084,-0.069
,-0.074,,,,,,,,-0.099,-0.085,-0.07
,-0.074,,,,,,,,-0.1,-0.084,-0.069
,-0.075,,,,,,,,-0.099,-0.085,-0.066
,-0.074,,,,,,,,-0.1,-0.085,-0.064
,-0.075,,,,,,,,-0.093,-0.079,-0.065
,-0.071,,,,,,,,-0.086,-0.073,-0.064
,-0.062,,,,,,,,-0.076,-0.07,-0.06
,-0.054,,,,,,,,-0.071,-0.066,-0.055
,-0.049,,,,,,,,-0.05,-0.057,-0.052
,-0.034,,,,,,,,-0.044,-0.061,-0.043
,-0.015,,,,,,,,0.027,-0.007,-0.008
,0.003,,,,,,,,0.169,0.084,0.028
,0.021,,,,,,,,0.271,0.138,0.08
,0.032,,,,,,,,0.39,0.242,0.142
,0.058,,,,,,,,0.489,0.353,0.232
,0.071,,,,,,,,0.525,0.449,0.307
,0.069,,,,,,,,0.25,0.304,0.252
,0.07,,,,,,,,-0.104,0.108,0.209
,0.07,,,,,,,,-0.298,0.015,0.178
,0.058,,,,,,,,-0.517,-0.078,0.129
,0.041,,,,,,,,-0.736,-0.208,0.06
,0.026,,,,,,,,-0.889,-0.304,0.026
,0.013,,,,,,,,-0.846,-0.286,0.01
,-0.001,,,,,,,,-0.736,-0.278,-0.015
,-0.012,,,,,,,,-0.626,-0.264,-0.028
,-0.028,,,,,,,,-0.501,-0.243,-0.024
,-0.033,,,,,,,,-0.372,-0.192,-0.025
,-0.028,,,,,,,,-0.265,-0.136,-0.024
,-0.03,,,,,,,,-0.177,-0.113,-0.025
,-0.029,,,,,,,,-0.104,-0.096,-0.024
,-0.03,,,,,,,,-0.07,-0.076,-0.025
,-0.029,,,,,,,,-0.055,-0.063,-0.022
,-0.03,,,,,,,,-0.04,-0.059,-0.019
,-0.029,,,,,,,,-0.023,-0.06,-0.02
,-0.03,,,,,,,,-0.015,-0.055,-0.019
,-0.029,,,,,,,,-0.014,-0.055,-0.02
,-0.03,,,,,,,,-0.009,-0.053,-0.019
,-0.029,,,,,,,,-0.01,-0.049,-0.02
,-0.03,,,,,,,,-0.007,-0.05,-0.017
,-0.03,,,,,,,,-0.004,-0.047,-0.014
,-0.026,,,,,,,,-0.002,-0.044,-0.015
,-0.024,,,,,,,,0.001,-0.044,-0.014
,-0.025,,,,,,,,0.0,-0.045,-0.015
,-0.024,,,,,,,,0.0,-0.044,-0.014
,-0.025,,,,,,,,0.0,-0.045,-0.015
,-0.024,,,,,,,,0.0,-0.044,-0.014
,-0.025,,,,,,,,0.0,-0.045,-0.015
,-0.024,,,,,,,,0.0,-0.044,-0.014
,-0.025,,,,,,,,0.0,-0.045,-0.015
,-0.024,,,,,,,,0.001,-0.044,-0.014
,-0.025,,,,,,,,-0.001,-0.045,-0.015
,-0.024,,,,,,,,0.001,-0.044,-0.014
,-0.025,,,,,,,,-0.001,-0.045,-0.015
,-0.024,,,,,,,,0.001,-0.044,-0.014
,-0.025,,,,,,,,-0.001,-0.045,-0.015
,-0.024,,,,,,,,0.001,-0.044,-0.014
,-0.025,,,,,,,,-0.001,-0.045,-0.015
,-0.024,,,,,,,,0.001,-0.044,-0.014
,-0.025,,,,,,,,-0.001,-0.045,-0.015
,-0.024,,,,,,,,0.001,-0.043,-0.014
,-0.025,,,,,,,,-0.002,-0.046,-0.015
,-0.024,,,,,,,,0.002,-0.043,-0.014
,-0.025,,,,,,,,-0.002,-0.046,-0.015
,-0.023,,,,,,,,0.003,-0.043,-0.013
,-0.026,,,,,,,,-0.004,-0.047,-0.016
,-0.022,,,,,,,,0.005,-0.041,-0.013
,-0.028,,,,,,,,-0.009,-0.051,-0.018
